{
  "total_pixels": 314530,
  "diff_percentage": 0.8406139339763927,
  "changed_pixels": 4233,
  "changed_percentage": 1.3458175690713128,
  "mean_diff": {
    "r": 2.1430102057037486,
    "g": 2.143871808730487,
    "b": 2.1438145804851683
  },
  "max_diff": {
    "r": 255,
    "g": 255,
    "b": 255
  }
}