{
  "total_pixels": 543375,
  "diff_percentage": 1.4465117104275955,
  "changed_pixels": 28337,
  "changed_percentage": 5.214998849781458,
  "mean_diff": {
    "r": 3.7579075224292615,
    "g": 3.695151598803773,
    "b": 3.6127554635380723
  },
  "max_diff": {
    "r": 255,
    "g": 246,
    "b": 232
  }
}