{
  "total_pixels": 126025,
  "diff_percentage": 1.338433472972605,
  "changed_pixels": 2667,
  "changed_percentage": 2.1162467764332473,
  "mean_diff": {
    "r": 3.671398532037294,
    "g": 3.14376512596707,
    "b": 3.4238524102360643
  },
  "max_diff": {
    "r": 209,
    "g": 179,
    "b": 195
  }
}