{
  "total_pixels": 94742,
  "diff_percentage": 11.483926833700274,
  "changed_pixels": 23575,
  "changed_percentage": 24.883367461104896,
  "mean_diff": {
    "r": 30.066538599565135,
    "g": 24.695805450592136,
    "b": 33.08969622764983
  },
  "max_diff": {
    "r": 218,
    "g": 207,
    "b": 217
  }
}