{
  "total_pixels": 87616,
  "diff_percentage": 0.2670521276443375,
  "changed_pixels": 1335,
  "changed_percentage": 1.5236943024105185,
  "mean_diff": {
    "r": 0.6786545836376917,
    "g": 0.6841216216216216,
    "b": 0.6801725712198685
  },
  "max_diff": {
    "r": 196,
    "g": 196,
    "b": 196
  }
}