{
  "total_pixels": 4503640,
  "diff_percentage": 4.2875513680350235,
  "changed_pixels": 295136,
  "changed_percentage": 6.553276904903589,
  "mean_diff": {
    "r": 8.46151379772806,
    "g": 12.81175204945333,
    "b": 11.526502118286542
  },
  "max_diff": {
    "r": 255,
    "g": 223,
    "b": 255
  }
}