{
  "total_pixels": 872907,
  "diff_percentage": 0.1271776356083902,
  "changed_pixels": 6983,
  "changed_percentage": 0.7999706727062562,
  "mean_diff": {
    "r": 0.30473005715385487,
    "g": 0.33408942762516514,
    "b": 0.33408942762516514
  },
  "max_diff": {
    "r": 97,
    "g": 97,
    "b": 97
  }
}