{
  "total_pixels": 2094504,
  "diff_percentage": 0.22667784213294578,
  "changed_pixels": 12930,
  "changed_percentage": 0.6173299263214584,
  "mean_diff": {
    "r": 0.5780284974390119,
    "g": 0.5780284974390119,
    "b": 0.5780284974390119
  },
  "max_diff": {
    "r": 255,
    "g": 255,
    "b": 255
  }
}