{
  "total_pixels": 6512167,
  "diff_percentage": 1.862829068561679,
  "changed_pixels": 174330,
  "changed_percentage": 2.6769890882712315,
  "mean_diff": {
    "r": 4.3393105551500755,
    "g": 4.832327549339567,
    "b": 5.079004270007204
  },
  "max_diff": {
    "r": 176,
    "g": 196,
    "b": 206
  }
}