{
  "total_pixels": 6279968,
  "diff_percentage": 0.5813132739163535,
  "changed_pixels": 60192,
  "changed_percentage": 0.9584762215348868,
  "mean_diff": {
    "r": 1.4319400990578295,
    "g": 1.4478242564293322,
    "b": 1.5672821899729426
  },
  "max_diff": {
    "r": 255,
    "g": 255,
    "b": 255
  }
}