{
  "total_pixels": 117649,
  "diff_percentage": 0.8469782470811454,
  "changed_pixels": 1711,
  "changed_percentage": 1.4543260036209402,
  "mean_diff": {
    "r": 2.1627978138360717,
    "g": 2.1589728769475305,
    "b": 2.15761289938716
  },
  "max_diff": {
    "r": 255,
    "g": 255,
    "b": 255
  }
}