{
  "total_pixels": 12464130,
  "diff_percentage": 0.03690435301900504,
  "changed_pixels": 32659,
  "changed_percentage": 0.2620239037943282,
  "mean_diff": {
    "r": 0.09421740626902961,
    "g": 0.09408133580121517,
    "b": 0.09401955852514375
  },
  "max_diff": {
    "r": 96,
    "g": 96,
    "b": 96
  }
}