{
  "total_pixels": 50625,
  "diff_percentage": 0.07822738642782216,
  "changed_pixels": 35,
  "changed_percentage": 0.0691358024691358,
  "mean_diff": {
    "r": 0.19737283950617285,
    "g": 0.20102716049382716,
    "b": 0.2000395061728395
  },
  "max_diff": {
    "r": 77,
    "g": 78,
    "b": 78
  }
}