{
  "total_pixels": 188650,
  "diff_percentage": 0.49185319149304746,
  "changed_pixels": 2959,
  "changed_percentage": 1.5685131195335278,
  "mean_diff": {
    "r": 1.2561887092499338,
    "g": 1.2552822687516565,
    "b": 1.2512059369202226
  },
  "max_diff": {
    "r": 64,
    "g": 64,
    "b": 64
  }
}