{
  "total_pixels": 80656,
  "diff_percentage": 1.1089377561511942,
  "changed_pixels": 1641,
  "changed_percentage": 2.0345665542551084,
  "mean_diff": {
    "r": 2.8266960920452293,
    "g": 2.8286922237651257,
    "b": 2.8279855187462806
  },
  "max_diff": {
    "r": 255,
    "g": 255,
    "b": 255
  }
}