{
  "total_pixels": 977514,
  "diff_percentage": 0.0006803974564207636,
  "changed_pixels": 66,
  "changed_percentage": 0.0067518214572885905,
  "mean_diff": {
    "r": 0.0017350135138729471,
    "g": 0.0017350135138729471,
    "b": 0.0017350135138729471
  },
  "max_diff": {
    "r": 34,
    "g": 34,
    "b": 34
  }
}