{
  "total_pixels": 2284040,
  "diff_percentage": 3.939242047087073,
  "changed_pixels": 246362,
  "changed_percentage": 10.786238419642387,
  "mean_diff": {
    "r": 8.635338698096355,
    "g": 8.01627073081032,
    "b": 13.483592231309434
  },
  "max_diff": {
    "r": 212,
    "g": 196,
    "b": 230
  }
}