{
  "total_pixels": 19849200,
  "diff_percentage": 0.24706609403530067,
  "changed_pixels": 143917,
  "changed_percentage": 0.7250518912601012,
  "mean_diff": {
    "r": 0.6233963081635532,
    "g": 0.6347405436994942,
    "b": 0.6319187675070028
  },
  "max_diff": {
    "r": 220,
    "g": 224,
    "b": 223
  }
}