{
  "total_pixels": 87616,
  "diff_percentage": 0.27262457210787894,
  "changed_pixels": 1702,
  "changed_percentage": 1.9425675675675675,
  "mean_diff": {
    "r": 0.7362125639152666,
    "g": 0.6199894996347699,
    "b": 0.7293759130752374
  },
  "max_diff": {
    "r": 197,
    "g": 143,
    "b": 193
  }
}