{
  "total_pixels": 1397124,
  "diff_percentage": 1.4655448214598383,
  "changed_pixels": 168643,
  "changed_percentage": 12.070725289952788,
  "mean_diff": {
    "r": 3.227214620892634,
    "g": 4.172467869709489,
    "b": 3.8117353935656393
  },
  "max_diff": {
    "r": 151,
    "g": 151,
    "b": 151
  }
}