{
  "total_pixels": 3139984,
  "diff_percentage": 0.7102081066347051,
  "changed_pixels": 40249,
  "changed_percentage": 1.2818218182003476,
  "mean_diff": {
    "r": 1.8096659091256515,
    "g": 1.8120009528710974,
    "b": 1.8114251537587454
  },
  "max_diff": {
    "r": 255,
    "g": 255,
    "b": 255
  }
}