{
  "total_pixels": 543375,
  "diff_percentage": 0.5298222348520729,
  "changed_pixels": 7436,
  "changed_percentage": 1.3684840119622728,
  "mean_diff": {
    "r": 1.273825626869105,
    "g": 1.3672767425810903,
    "b": 1.412037727168162
  },
  "max_diff": {
    "r": 217,
    "g": 220,
    "b": 219
  }
}