{
  "total_pixels": 2181529,
  "diff_percentage": 87.11326960199412,
  "changed_pixels": 2181528,
  "changed_percentage": 99.99995416059103,
  "mean_diff": {
    "r": 219.80776052025897,
    "g": 223.80369914862464,
    "b": 222.8050527863714
  },
  "max_diff": {
    "r": 220,
    "g": 224,
    "b": 223
  }
}