{
  "total_pixels": 977514,
  "diff_percentage": 0.4065441665071651,
  "changed_pixels": 18167,
  "changed_percentage": 1.85849000628124,
  "mean_diff": {
    "r": 1.0254502748809735,
    "g": 1.042946699484611,
    "b": 1.0416658994142283
  },
  "max_diff": {
    "r": 255,
    "g": 255,
    "b": 255
  }
}