{
  "total_pixels": 432300,
  "diff_percentage": 1.913027294347456,
  "changed_pixels": 19410,
  "changed_percentage": 4.489937543372658,
  "mean_diff": {
    "r": 1.3083067314365024,
    "g": 6.777513300948415,
    "b": 6.548838769373121
  },
  "max_diff": {
    "r": 221,
    "g": 248,
    "b": 248
  }
}