{
  "total_pixels": 314530,
  "diff_percentage": 3.62754303599374,
  "changed_pixels": 14285,
  "changed_percentage": 4.541697135408388,
  "mean_diff": {
    "r": 9.249801290814867,
    "g": 9.25053571996312,
    "b": 9.250367214574126
  },
  "max_diff": {
    "r": 255,
    "g": 255,
    "b": 255
  }
}