{
  "total_pixels": 117649,
  "diff_percentage": 0.3561019020963932,
  "changed_pixels": 1343,
  "changed_percentage": 1.141531164735782,
  "mean_diff": {
    "r": 1.0953514267014595,
    "g": 0.8412736189852867,
    "b": 0.7875545053506617
  },
  "max_diff": {
    "r": 220,
    "g": 224,
    "b": 223
  }
}