{
  "total_pixels": 126025,
  "diff_percentage": 0.004332577440154135,
  "changed_pixels": 0,
  "changed_percentage": 0.0,
  "mean_diff": {
    "r": 0.013703630232096807,
    "g": 0.011965879785756795,
    "b": 0.007474707399325531
  },
  "max_diff": {
    "r": 40,
    "g": 39,
    "b": 39
  }
}