{
  "total_pixels": 161604,
  "diff_percentage": 0.009912878297033028,
  "changed_pixels": 169,
  "changed_percentage": 0.10457661939060914,
  "mean_diff": {
    "r": 0.02527783965743422,
    "g": 0.02527783965743422,
    "b": 0.02527783965743422
  },
  "max_diff": {
    "r": 34,
    "g": 34,
    "b": 34
  }
}