{
  "total_pixels": 543375,
  "diff_percentage": 4.609946729094214,
  "changed_pixels": 29185,
  "changed_percentage": 5.371060501495284,
  "mean_diff": {
    "r": 11.638709914883828,
    "g": 11.75335817805383,
    "b": 11.87402438463308
  },
  "max_diff": {
    "r": 255,
    "g": 255,
    "b": 255
  }
}