{
  "total_pixels": 3139984,
  "diff_percentage": 0.09010503429733141,
  "changed_pixels": 33050,
  "changed_percentage": 1.0525531340287084,
  "mean_diff": {
    "r": 0.19089428481164236,
    "g": 0.22265686704136073,
    "b": 0.27575236052158225
  },
  "max_diff": {
    "r": 18,
    "g": 21,
    "b": 26
  }
}