{
  "total_pixels": 4503640,
  "diff_percentage": 0.5155181084314486,
  "changed_pixels": 37353,
  "changed_percentage": 0.8293957776376442,
  "mean_diff": {
    "r": 1.3516613228410796,
    "g": 1.3559181018020978,
    "b": 1.2361341048574042
  },
  "max_diff": {
    "r": 255,
    "g": 255,
    "b": 255
  }
}