{
  "total_pixels": 80656,
  "diff_percentage": 4.976075267771593,
  "changed_pixels": 6896,
  "changed_percentage": 8.549890894663758,
  "mean_diff": {
    "r": 12.667613072803015,
    "g": 12.703605435429479,
    "b": 12.695757290220195
  },
  "max_diff": {
    "r": 255,
    "g": 255,
    "b": 255
  }
}