{
  "total_pixels": 4503640,
  "diff_percentage": 7.334692930737856,
  "changed_pixels": 719306,
  "changed_percentage": 15.971658480695616,
  "mean_diff": {
    "r": 6.928387926210799,
    "g": 31.39809998134842,
    "b": 17.783913012585376
  },
  "max_diff": {
    "r": 255,
    "g": 255,
    "b": 255
  }
}