{
  "total_pixels": 4503640,
  "diff_percentage": 0.42947206741643346,
  "changed_pixels": 46226,
  "changed_percentage": 1.0264141894112317,
  "mean_diff": {
    "r": 1.8106522723841159,
    "g": 0.9943163751987282,
    "b": 0.4804926681528719
  },
  "max_diff": {
    "r": 238,
    "g": 224,
    "b": 223
  }
}