{
  "total_pixels": 37672720,
  "diff_percentage": 4.4336376404932984,
  "changed_pixels": 1771636,
  "changed_percentage": 4.702702645309391,
  "mean_diff": {
    "r": 11.305775983257911,
    "g": 11.305775983257911,
    "b": 11.305775983257911
  },
  "max_diff": {
    "r": 255,
    "g": 255,
    "b": 255
  }
}