{
  "total_pixels": 543375,
  "diff_percentage": 1.7919872017513394,
  "changed_pixels": 54500,
  "changed_percentage": 10.029905682079596,
  "mean_diff": {
    "r": 5.301938808373591,
    "g": 4.545096848401196,
    "b": 3.8616664366229583
  },
  "max_diff": {
    "r": 255,
    "g": 255,
    "b": 255
  }
}