{
  "total_pixels": 4709976,
  "diff_percentage": 0.058325734665636585,
  "changed_pixels": 22197,
  "changed_percentage": 0.4712762867581491,
  "mean_diff": {
    "r": 0.12004689620499127,
    "g": 0.15890824072139645,
    "b": 0.16723673326573213
  },
  "max_diff": {
    "r": 147,
    "g": 147,
    "b": 147
  }
}