{
  "total_pixels": 334950,
  "diff_percentage": 0.23699957168517005,
  "changed_pixels": 5937,
  "changed_percentage": 1.7725033587102552,
  "mean_diff": {
    "r": 0.5968890879235706,
    "g": 0.6081952530228393,
    "b": 0.6079623824451411
  },
  "max_diff": {
    "r": 223,
    "g": 223,
    "b": 223
  }
}