{
  "total_pixels": 2176714,
  "diff_percentage": 4.0211425964186915,
  "changed_pixels": 160948,
  "changed_percentage": 7.394081170057251,
  "mean_diff": {
    "r": 12.416662914834012,
    "g": 10.269401032933128,
    "b": 8.07567691483585
  },
  "max_diff": {
    "r": 255,
    "g": 255,
    "b": 255
  }
}