{
  "total_pixels": 872907,
  "diff_percentage": 4.6209673782451395,
  "changed_pixels": 46078,
  "changed_percentage": 5.278683754397663,
  "mean_diff": {
    "r": 11.78784337850424,
    "g": 11.783266716843833,
    "b": 11.779290348227246
  },
  "max_diff": {
    "r": 255,
    "g": 255,
    "b": 255
  }
}