{
  "total_pixels": 237600,
  "diff_percentage": 0.32311128716357473,
  "changed_pixels": 3749,
  "changed_percentage": 1.5778619528619526,
  "mean_diff": {
    "r": 0.8265404040404041,
    "g": 0.8190193602693603,
    "b": 0.8262415824915825
  },
  "max_diff": {
    "r": 204,
    "g": 203,
    "b": 203
  }
}