{
  "total_pixels": 161604,
  "diff_percentage": 0.007435265386073243,
  "changed_pixels": 23,
  "changed_percentage": 0.014232320982153908,
  "mean_diff": {
    "r": 0.01877428776515433,
    "g": 0.019120813841241553,
    "b": 0.01898467859706443
  },
  "max_diff": {
    "r": 71,
    "g": 73,
    "b": 73
  }
}