{
  "total_pixels": 872907,
  "diff_percentage": 0.037100134745467084,
  "changed_pixels": 506,
  "changed_percentage": 0.05796722904043615,
  "mean_diff": {
    "r": 0.09429985095777671,
    "g": 0.09481536979311657,
    "b": 0.09470081005192993
  },
  "max_diff": {
    "r": 111,
    "g": 113,
    "b": 113
  }
}