{
  "total_pixels": 4503640,
  "diff_percentage": 0.5400389854585598,
  "changed_pixels": 143507,
  "changed_percentage": 3.1864669467364175,
  "mean_diff": {
    "r": 1.4931746320753878,
    "g": 1.2123324688474213,
    "b": 1.4257911378351733
  },
  "max_diff": {
    "r": 253,
    "g": 255,
    "b": 253
  }
}