{
  "total_pixels": 543375,
  "diff_percentage": 1.7939870483888671,
  "changed_pixels": 54680,
  "changed_percentage": 10.063031976075454,
  "mean_diff": {
    "r": 5.310360248447205,
    "g": 4.551965033356337,
    "b": 3.8616756383712905
  },
  "max_diff": {
    "r": 255,
    "g": 255,
    "b": 255
  }
}