{
  "total_pixels": 117838,
  "diff_percentage": 2.41042232900447,
  "changed_pixels": 6840,
  "changed_percentage": 5.80457916801032,
  "mean_diff": {
    "r": 7.665125002121557,
    "g": 3.848045621955566,
    "b": 6.926560192807074
  },
  "max_diff": {
    "r": 249,
    "g": 121,
    "b": 236
  }
}