{
  "total_pixels": 56169,
  "diff_percentage": 0.3374643073534968,
  "changed_pixels": 848,
  "changed_percentage": 1.509729566130784,
  "mean_diff": {
    "r": 0.8600117502536987,
    "g": 0.8608841175737506,
    "b": 0.8607060834268012
  },
  "max_diff": {
    "r": 201,
    "g": 201,
    "b": 201
  }
}