{
  "total_pixels": 6726322,
  "diff_percentage": 2.6492210925446416,
  "changed_pixels": 259118,
  "changed_percentage": 3.8522984775334868,
  "mean_diff": {
    "r": 6.755513785988836,
    "g": 6.755513785988836,
    "b": 6.755513785988836
  },
  "max_diff": {
    "r": 255,
    "g": 255,
    "b": 255
  }
}