{
  "total_pixels": 56169,
  "diff_percentage": 0.7877277920728725,
  "changed_pixels": 782,
  "changed_percentage": 1.3922270291441898,
  "mean_diff": {
    "r": 2.007566451245349,
    "g": 2.0094892200324024,
    "b": 2.0090619380797237
  },
  "max_diff": {
    "r": 255,
    "g": 255,
    "b": 255
  }
}