{
  "total_pixels": 314530,
  "diff_percentage": 0.257099866197287,
  "changed_pixels": 1978,
  "changed_percentage": 0.6288748291101008,
  "mean_diff": {
    "r": 0.6855339713222904,
    "g": 0.6618764505770515,
    "b": 0.6194035545099037
  },
  "max_diff": {
    "r": 255,
    "g": 255,
    "b": 255
  }
}