{
  "total_pixels": 314530,
  "diff_percentage": 0.9257123763249617,
  "changed_pixels": 4901,
  "changed_percentage": 1.5581979461418625,
  "mean_diff": {
    "r": 2.3605665596286523,
    "g": 2.3605665596286523,
    "b": 2.3605665596286523
  },
  "max_diff": {
    "r": 255,
    "g": 255,
    "b": 255
  }
}