{
  "total_pixels": 3637613,
  "diff_percentage": 0.939000957909285,
  "changed_pixels": 56402,
  "changed_percentage": 1.5505222793078868,
  "mean_diff": {
    "r": 2.400372716943776,
    "g": 2.3655350362999035,
    "b": 2.417449574762351
  },
  "max_diff": {
    "r": 255,
    "g": 255,
    "b": 255
  }
}