{
  "total_pixels": 75973918,
  "diff_percentage": 0.969213595754875,
  "changed_pixels": 1502496,
  "changed_percentage": 1.9776471183176312,
  "mean_diff": {
    "r": 2.4456181922854103,
    "g": 2.4900021741671923,
    "b": 2.47886364107219
  },
  "max_diff": {
    "r": 220,
    "g": 224,
    "b": 223
  }
}