{
  "total_pixels": 141512,
  "diff_percentage": 1.1036224277337898,
  "changed_pixels": 3398,
  "changed_percentage": 2.4012097913957824,
  "mean_diff": {
    "r": 2.8624003618067726,
    "g": 2.445771383345582,
    "b": 3.1345398270111366
  },
  "max_diff": {
    "r": 216,
    "g": 184,
    "b": 237
  }
}