{
  "total_pixels": 502681,
  "diff_percentage": 1.164903590867338,
  "changed_pixels": 12982,
  "changed_percentage": 2.58255235427637,
  "mean_diff": {
    "r": 2.9705041567117116,
    "g": 2.9705041567117116,
    "b": 2.9705041567117116
  },
  "max_diff": {
    "r": 255,
    "g": 255,
    "b": 255
  }
}