{
  "total_pixels": 188650,
  "diff_percentage": 0.0904320169626292,
  "changed_pixels": 1416,
  "changed_percentage": 0.7505963424330772,
  "mean_diff": {
    "r": 0.22807315133845746,
    "g": 0.232430426716141,
    "b": 0.23130135170951496
  },
  "max_diff": {
    "r": 111,
    "g": 113,
    "b": 113
  }
}