{
  "original": {
    "total_pixels": 654080,
    "diff_percentage": 0.8775636967115613,
    "changed_pixels": 10978,
    "changed_percentage": 1.6783879647749511,
    "mean_diff": {
      "r": 2.451721501956947,
      "g": 2.2310497186888454,
      "b": 2.0305910591976515
    },
    "max_diff": {
      "r": 239,
      "g": 235,
      "b": 218
    }
  },
  "processed": {
    "total_pixels": 654080,
    "changed_pixels": 13,
    "changed_percentage": 0.0019875244618395307,
    "diff_percentage": 0.0006281336735607484,
    "processing_applied": {
      "threshold": 40,
      "morphology_kernel": 4,
      "blur_kernel": 0
    }
  },
  "note": "The \"processed\" statistics match the red highlighted areas in diff_highlight.png. \"original\" statistics are based on raw pixel differences without filtering."
}