{
  "total_pixels": 2176714,
  "diff_percentage": 0.03993367204259997,
  "changed_pixels": 2863,
  "changed_percentage": 0.13152853337645645,
  "mean_diff": {
    "r": 0.100798726888328,
    "g": 0.1025798520154692,
    "b": 0.10211401222209257
  },
  "max_diff": {
    "r": 127,
    "g": 129,
    "b": 129
  }
}