{
  "total_pixels": 872907,
  "diff_percentage": 0.12721642119396842,
  "changed_pixels": 2796,
  "changed_percentage": 0.32030903635782504,
  "mean_diff": {
    "r": 0.3047014172185582,
    "g": 0.33425210245765014,
    "b": 0.33425210245765014
  },
  "max_diff": {
    "r": 97,
    "g": 97,
    "b": 97
  }
}