{
  "total_pixels": 126025,
  "diff_percentage": 0.07310303874244269,
  "changed_pixels": 1041,
  "changed_percentage": 0.8260265820273754,
  "mean_diff": {
    "r": 0.13346558222574886,
    "g": 0.20909343384249157,
    "b": 0.21667923031144615
  },
  "max_diff": {
    "r": 67,
    "g": 201,
    "b": 204
  }
}