{
  "total_pixels": 237600,
  "diff_percentage": 0.36374199511454414,
  "changed_pixels": 1954,
  "changed_percentage": 0.8223905723905723,
  "mean_diff": {
    "r": 0.9176515151515151,
    "g": 0.9345833333333333,
    "b": 0.9303914141414141
  },
  "max_diff": {
    "r": 220,
    "g": 224,
    "b": 223
  }
}