{
  "total_pixels": 18317160,
  "diff_percentage": 0.03702665354535867,
  "changed_pixels": 12678,
  "changed_percentage": 0.06921378641667159,
  "mean_diff": {
    "r": 0.09349904679546392,
    "g": 0.09505048817611464,
    "b": 0.09470436465041523
  },
  "max_diff": {
    "r": 220,
    "g": 224,
    "b": 223
  }
}