{
  "total_pixels": 6726322,
  "diff_percentage": 0.22310779976944078,
  "changed_pixels": 28618,
  "changed_percentage": 0.4254628309498118,
  "mean_diff": {
    "r": 0.568924889412074,
    "g": 0.568924889412074,
    "b": 0.568924889412074
  },
  "max_diff": {
    "r": 255,
    "g": 255,
    "b": 255
  }
}