{
  "total_pixels": 87616,
  "diff_percentage": 0.29500685104818647,
  "changed_pixels": 649,
  "changed_percentage": 0.7407322863403945,
  "mean_diff": {
    "r": 0.7391914718772827,
    "g": 0.7556382395909423,
    "b": 0.7619726990504018
  },
  "max_diff": {
    "r": 91,
    "g": 91,
    "b": 91
  }
}