{
  "total_pixels": 3139984,
  "diff_percentage": 1.86650178842758,
  "changed_pixels": 108427,
  "changed_percentage": 3.4531067674230185,
  "mean_diff": {
    "r": 5.603754350340639,
    "g": 4.816383777751734,
    "b": 3.858600553378616
  },
  "max_diff": {
    "r": 231,
    "g": 198,
    "b": 195
  }
}