{
  "total_pixels": 161604,
  "diff_percentage": 2.7718405662967314,
  "changed_pixels": 11226,
  "changed_percentage": 6.946610232419989,
  "mean_diff": {
    "r": 7.090635132793743,
    "g": 6.726287715650603,
    "b": 7.387657483725651
  },
  "max_diff": {
    "r": 255,
    "g": 255,
    "b": 255
  }
}