{
  "total_pixels": 2284040,
  "diff_percentage": 0.15244413264742568,
  "changed_pixels": 18696,
  "changed_percentage": 0.8185495875728971,
  "mean_diff": {
    "r": 0.3846228612458626,
    "g": 0.391720372672983,
    "b": 0.3898543808339609
  },
  "max_diff": {
    "r": 192,
    "g": 196,
    "b": 195
  }
}