{
  "total_pixels": 6279968,
  "diff_percentage": 0.07309322870035356,
  "changed_pixels": 15073,
  "changed_percentage": 0.2400171465841864,
  "mean_diff": {
    "r": 0.18441431548695789,
    "g": 0.1878001607651504,
    "b": 0.18694872330559645
  },
  "max_diff": {
    "r": 220,
    "g": 224,
    "b": 223
  }
}