{
  "total_pixels": 4709976,
  "diff_percentage": 0.054110928902947324,
  "changed_pixels": 6484,
  "changed_percentage": 0.13766524500337157,
  "mean_diff": {
    "r": 0.12149191418385147,
    "g": 0.13866652399078042,
    "b": 0.15379016793291517
  },
  "max_diff": {
    "r": 192,
    "g": 196,
    "b": 195
  }
}