{
  "total_pixels": 2094504,
  "diff_percentage": 6.6465863513969925,
  "changed_pixels": 216646,
  "changed_percentage": 10.343546729917918,
  "mean_diff": {
    "r": 21.083768758617794,
    "g": 17.208449828694526,
    "b": 12.55416700087467
  },
  "max_diff": {
    "r": 255,
    "g": 255,
    "b": 255
  }
}