{
  "total_pixels": 3139984,
  "diff_percentage": 0.03227488241312216,
  "changed_pixels": 2896,
  "changed_percentage": 0.09222976932366533,
  "mean_diff": {
    "r": 0.08226761665027592,
    "g": 0.08087620828641165,
    "b": 0.08375902552369693
  },
  "max_diff": {
    "r": 63,
    "g": 64,
    "b": 64
  }
}