{
  "total_pixels": 171396,
  "diff_percentage": 0.8785479698659084,
  "changed_pixels": 3535,
  "changed_percentage": 2.0624752036220215,
  "mean_diff": {
    "r": 2.271867488156083,
    "g": 2.28937664822983,
    "b": 2.159647833088287
  },
  "max_diff": {
    "r": 255,
    "g": 255,
    "b": 255
  }
}