{
  "total_pixels": 543375,
  "diff_percentage": 0.559732608019053,
  "changed_pixels": 7678,
  "changed_percentage": 1.4130204738900392,
  "mean_diff": {
    "r": 1.3487094547964114,
    "g": 1.4433733609385784,
    "b": 1.489871635610766
  },
  "max_diff": {
    "r": 159,
    "g": 174,
    "b": 181
  }
}