{
  "total_pixels": 543375,
  "diff_percentage": 1.1125690770135215,
  "changed_pixels": 21110,
  "changed_percentage": 3.884978145847711,
  "mean_diff": {
    "r": 2.837057280883368,
    "g": 2.863149758454106,
    "b": 2.810946399815965
  },
  "max_diff": {
    "r": 255,
    "g": 255,
    "b": 255
  }
}