{
  "total_pixels": 543375,
  "diff_percentage": 2.5900299357531527,
  "changed_pixels": 16517,
  "changed_percentage": 3.0397055440533705,
  "mean_diff": {
    "r": 6.599773636991029,
    "g": 6.607996319300667,
    "b": 6.605959052219922
  },
  "max_diff": {
    "r": 255,
    "g": 255,
    "b": 255
  }
}