{
  "total_pixels": 4503640,
  "diff_percentage": 0.03152671335192454,
  "changed_pixels": 11337,
  "changed_percentage": 0.2517297119663206,
  "mean_diff": {
    "r": 0.02503419456262046,
    "g": 0.12968088035455766,
    "b": 0.08646428222504463
  },
  "max_diff": {
    "r": 128,
    "g": 135,
    "b": 171
  }
}