{
  "total_pixels": 17589440,
  "diff_percentage": 0.06615063066360315,
  "changed_pixels": 37440,
  "changed_percentage": 0.21285498571870395,
  "mean_diff": {
    "r": 0.16691509223716047,
    "g": 0.16994804837447924,
    "b": 0.1691891839649244
  },
  "max_diff": {
    "r": 220,
    "g": 224,
    "b": 223
  }
}