{
  "total_pixels": 2176714,
  "diff_percentage": 4.430181835339604,
  "changed_pixels": 133953,
  "changed_percentage": 6.153909057414066,
  "mean_diff": {
    "r": 11.296963680115992,
    "g": 11.296963680115992,
    "b": 11.296963680115992
  },
  "max_diff": {
    "r": 255,
    "g": 255,
    "b": 255
  }
}