{
  "total_pixels": 188650,
  "diff_percentage": 0.5672530484055094,
  "changed_pixels": 1832,
  "changed_percentage": 0.9711105221309304,
  "mean_diff": {
    "r": 1.4334587861118473,
    "g": 1.4522608004240658,
    "b": 1.4537662337662338
  },
  "max_diff": {
    "r": 255,
    "g": 255,
    "b": 255
  }
}