{
  "total_pixels": 314530,
  "diff_percentage": 1.1067556135734427,
  "changed_pixels": 5844,
  "changed_percentage": 1.8580103646710966,
  "mean_diff": {
    "r": 2.8212030648904713,
    "g": 2.8229103742091373,
    "b": 2.822567004737227
  },
  "max_diff": {
    "r": 255,
    "g": 255,
    "b": 255
  }
}