{
  "total_pixels": 2094504,
  "diff_percentage": 0.7806506060592217,
  "changed_pixels": 38064,
  "changed_percentage": 1.817327634609435,
  "mean_diff": {
    "r": 2.1761853880441384,
    "g": 2.030259670069859,
    "b": 1.7655320782390485
  },
  "max_diff": {
    "r": 255,
    "g": 255,
    "b": 255
  }
}