{
  "total_pixels": 117649,
  "diff_percentage": 2.3298282245009623,
  "changed_pixels": 8187,
  "changed_percentage": 6.958835179219543,
  "mean_diff": {
    "r": 5.944589414274664,
    "g": 5.940755977526371,
    "b": 5.937840525631327
  },
  "max_diff": {
    "r": 255,
    "g": 255,
    "b": 255
  }
}