{
  "total_pixels": 559086,
  "diff_percentage": 0.12967476632437364,
  "changed_pixels": 4819,
  "changed_percentage": 0.8619425276254459,
  "mean_diff": {
    "r": 0.34433700718672977,
    "g": 0.3361647403082889,
    "b": 0.31151021488643965
  },
  "max_diff": {
    "r": 109,
    "g": 109,
    "b": 106
  }
}