{
  "total_pixels": 1397124,
  "diff_percentage": 0.3383285435684844,
  "changed_pixels": 33935,
  "changed_percentage": 2.428918263518485,
  "mean_diff": {
    "r": 0.8155167329456798,
    "g": 0.891017547476101,
    "b": 0.8816790778771247
  },
  "max_diff": {
    "r": 59,
    "g": 64,
    "b": 62
  }
}