{
  "total_pixels": 2176714,
  "diff_percentage": 0.8677482982518813,
  "changed_pixels": 42047,
  "changed_percentage": 1.93167315504012,
  "mean_diff": {
    "r": 2.202655470585479,
    "g": 1.7357043690627247,
    "b": 2.699914641978689
  },
  "max_diff": {
    "r": 200,
    "g": 158,
    "b": 246
  }
}