{
  "total_pixels": 1397124,
  "diff_percentage": 0.4389233359368142,
  "changed_pixels": 9713,
  "changed_percentage": 0.6952138822323572,
  "mean_diff": {
    "r": 1.0064554041015688,
    "g": 1.1162309143640794,
    "b": 1.2350772014509808
  },
  "max_diff": {
    "r": 102,
    "g": 123,
    "b": 176
  }
}