{
  "total_pixels": 21262839,
  "diff_percentage": 3.830681816240731,
  "changed_pixels": 1226125,
  "changed_percentage": 5.766515938911073,
  "mean_diff": {
    "r": 9.75512597353533,
    "g": 9.774855370912604,
    "b": 9.774734549793656
  },
  "max_diff": {
    "r": 255,
    "g": 255,
    "b": 255
  }
}