{
  "total_pixels": 2094504,
  "diff_percentage": 6.701184081169144,
  "changed_pixels": 213737,
  "changed_percentage": 10.204659432495712,
  "mean_diff": {
    "r": 21.37693267713979,
    "g": 17.380334437174625,
    "b": 12.50679110662954
  },
  "max_diff": {
    "r": 255,
    "g": 255,
    "b": 255
  }
}