{
  "total_pixels": 3908402,
  "diff_percentage": 3.66383027350499,
  "changed_pixels": 139116,
  "changed_percentage": 3.5594086790458093,
  "mean_diff": {
    "r": 9.396297514943447,
    "g": 9.304450770417168,
    "b": 9.32755330695256
  },
  "max_diff": {
    "r": 255,
    "g": 255,
    "b": 255
  }
}