{
  "total_pixels": 559086,
  "diff_percentage": 0.2829400899633597,
  "changed_pixels": 5555,
  "changed_percentage": 0.9935859599417621,
  "mean_diff": {
    "r": 0.7113699860128854,
    "g": 0.7229549657834394,
    "b": 0.7301667364233767
  },
  "max_diff": {
    "r": 255,
    "g": 255,
    "b": 255
  }
}