{
  "total_pixels": 117649,
  "diff_percentage": 0.31787031069542904,
  "changed_pixels": 3296,
  "changed_percentage": 2.801553774362723,
  "mean_diff": {
    "r": 0.7949153838961657,
    "g": 0.7619699274961963,
    "b": 0.8748225654276705
  },
  "max_diff": {
    "r": 97,
    "g": 111,
    "b": 158
  }
}