{
  "total_pixels": 87616,
  "diff_percentage": 0.13273607470745785,
  "changed_pixels": 772,
  "changed_percentage": 0.881117604090577,
  "mean_diff": {
    "r": 0.33826013513513514,
    "g": 0.33889928780131484,
    "b": 0.33827154857560265
  },
  "max_diff": {
    "r": 63,
    "g": 63,
    "b": 63
  }
}