{
  "total_pixels": 1397124,
  "diff_percentage": 0.02105071383523572,
  "changed_pixels": 0,
  "changed_percentage": 0.0,
  "mean_diff": {
    "r": 0.04464528560099175,
    "g": 0.0520469192426728,
    "b": 0.0643457559958887
  },
  "max_diff": {
    "r": 18,
    "g": 21,
    "b": 26
  }
}