{
  "total_pixels": 87616,
  "diff_percentage": 0.017700530419131374,
  "changed_pixels": 10,
  "changed_percentage": 0.011413440467494523,
  "mean_diff": {
    "r": 0.04470644631117604,
    "g": 0.04548256026296567,
    "b": 0.04522005113221329
  },
  "max_diff": {
    "r": 77,
    "g": 78,
    "b": 78
  }
}