{
  "total_pixels": 24773970,
  "diff_percentage": 1.4505528508534367,
  "changed_pixels": 540800,
  "changed_percentage": 2.1829363642565163,
  "mean_diff": {
    "r": 3.785480526536522,
    "g": 3.658637029107567,
    "b": 3.6526117533847016
  },
  "max_diff": {
    "r": 255,
    "g": 255,
    "b": 255
  }
}