{
  "total_pixels": 3908402,
  "diff_percentage": 1.5480289249686263,
  "changed_pixels": 57573,
  "changed_percentage": 1.4730572750704762,
  "mean_diff": {
    "r": 4.032927523831991,
    "g": 3.872849312839365,
    "b": 3.936644439338635
  },
  "max_diff": {
    "r": 255,
    "g": 255,
    "b": 255
  }
}