{
  "original": {
    "total_pixels": 1091840,
    "diff_percentage": 0.5489659716954387,
    "changed_pixels": 9831,
    "changed_percentage": 0.9004066529894489,
    "mean_diff": {
      "r": 1.401508462778429,
      "g": 1.3967770002930833,
      "b": 1.4013042203985933
    },
    "max_diff": {
      "r": 255,
      "g": 255,
      "b": 255
    }
  },
  "processed": {
    "total_pixels": 1091840,
    "changed_pixels": 34,
    "changed_percentage": 0.0031140093786635402,
    "diff_percentage": 0.0015961542882100086,
    "processing_applied": {
      "threshold": 40,
      "morphology_kernel": 4,
      "blur_kernel": 0
    }
  },
  "note": "The \"processed\" statistics match the red highlighted areas in diff_highlight.png. \"original\" statistics are based on raw pixel differences without filtering."
}