{
  "total_pixels": 13338795,
  "diff_percentage": 13.409603885126204,
  "changed_pixels": 9726995,
  "changed_percentage": 72.92259158342263,
  "mean_diff": {
    "r": 33.39971894012915,
    "g": 33.57508185709429,
    "b": 35.608668923992006
  },
  "max_diff": {
    "r": 217,
    "g": 217,
    "b": 217
  }
}