{
  "total_pixels": 117649,
  "diff_percentage": 0.023451835266940318,
  "changed_pixels": 43,
  "changed_percentage": 0.03654939693495057,
  "mean_diff": {
    "r": 0.059278021912638444,
    "g": 0.060102508308612905,
    "b": 0.06002600957084208
  },
  "max_diff": {
    "r": 129,
    "g": 132,
    "b": 131
  }
}