{
  "total_pixels": 5750404,
  "diff_percentage": 0.08990609005372162,
  "changed_pixels": 10404,
  "changed_percentage": 0.1809264183872994,
  "mean_diff": {
    "r": 0.22684545294556696,
    "g": 0.2309832491769274,
    "b": 0.22995288678847609
  },
  "max_diff": {
    "r": 220,
    "g": 224,
    "b": 223
  }
}