{
  "total_pixels": 4503640,
  "diff_percentage": 0.6592222889220821,
  "changed_pixels": 121245,
  "changed_percentage": 2.692155678517821,
  "mean_diff": {
    "r": 1.6144056807382472,
    "g": 1.619306161238465,
    "b": 1.8093386682772157
  },
  "max_diff": {
    "r": 220,
    "g": 255,
    "b": 247
  }
}