{
  "total_pixels": 37672720,
  "diff_percentage": 0.31144233464642446,
  "changed_pixels": 329610,
  "changed_percentage": 0.8749301882104611,
  "mean_diff": {
    "r": 1.2204238504679248,
    "g": 0.7580558027134754,
    "b": 0.4040542068637465
  },
  "max_diff": {
    "r": 255,
    "g": 224,
    "b": 223
  }
}