{
  "total_pixels": 10342715,
  "diff_percentage": 0.0555539267370849,
  "changed_pixels": 24221,
  "changed_percentage": 0.234184157641393,
  "mean_diff": {
    "r": 0.14020747937074549,
    "g": 0.14270140867267445,
    "b": 0.14207865149527954
  },
  "max_diff": {
    "r": 220,
    "g": 224,
    "b": 223
  }
}