{
  "total_pixels": 543375,
  "diff_percentage": 1.1105692303759935,
  "changed_pixels": 20930,
  "changed_percentage": 3.851851851851852,
  "mean_diff": {
    "r": 2.828635840809754,
    "g": 2.856281573498965,
    "b": 2.810937198067633
  },
  "max_diff": {
    "r": 255,
    "g": 255,
    "b": 255
  }
}