{
  "total_pixels": 8916704,
  "diff_percentage": 0.3828984224916333,
  "changed_pixels": 82840,
  "changed_percentage": 0.9290428391477389,
  "mean_diff": {
    "r": 1.212542885801749,
    "g": 0.9396771497629618,
    "b": 0.7769528964962839
  },
  "max_diff": {
    "r": 255,
    "g": 255,
    "b": 255
  }
}