{
  "original": {
    "total_pixels": 1130240,
    "diff_percentage": 0.7631351592165745,
    "changed_pixels": 19122,
    "changed_percentage": 1.6918530577576443,
    "mean_diff": {
      "r": 1.9452762245186863,
      "g": 1.9474315189694225,
      "b": 1.9452762245186863
    },
    "max_diff": {
      "r": 184,
      "g": 184,
      "b": 184
    }
  },
  "processed": {
    "total_pixels": 1130240,
    "changed_pixels": 412,
    "changed_percentage": 0.0364524348810872,
    "diff_percentage": 0.007596512557457864,
    "processing_applied": {
      "threshold": 40,
      "morphology_kernel": 4,
      "blur_kernel": 0
    }
  },
  "note": "The \"processed\" statistics match the red highlighted areas in diff_highlight.png. \"original\" statistics are based on raw pixel differences without filtering."
}