{
  "total_pixels": 1569992,
  "diff_percentage": 0.0035578217175545658,
  "changed_pixels": 142,
  "changed_percentage": 0.009044632074558343,
  "mean_diff": {
    "r": 0.008969472455910604,
    "g": 0.009147180367798052,
    "b": 0.009100683315583774
  },
  "max_diff": {
    "r": 110,
    "g": 112,
    "b": 112
  }
}