{
  "total_pixels": 37672720,
  "diff_percentage": 0.5878291299970435,
  "changed_pixels": 442860,
  "changed_percentage": 1.1755455937346706,
  "mean_diff": {
    "r": 1.626453465531557,
    "g": 1.5758208326874195,
    "b": 1.2946185462584066
  },
  "max_diff": {
    "r": 255,
    "g": 255,
    "b": 255
  }
}