{
  "total_pixels": 186624,
  "diff_percentage": 1.0123483406851537,
  "changed_pixels": 4226,
  "changed_percentage": 2.2644461591220852,
  "mean_diff": {
    "r": 2.5814471879286693,
    "g": 2.581147119341564,
    "b": 2.5818704989711936
  },
  "max_diff": {
    "r": 166,
    "g": 166,
    "b": 166
  }
}