{
  "total_pixels": 126025,
  "diff_percentage": 1.3394489370171132,
  "changed_pixels": 2711,
  "changed_percentage": 2.151160484030946,
  "mean_diff": {
    "r": 3.6724142035310456,
    "g": 3.147121602856576,
    "b": 3.427248561793295
  },
  "max_diff": {
    "r": 209,
    "g": 179,
    "b": 195
  }
}