{
  "total_pixels": 2181529,
  "diff_percentage": 0.17838672646270762,
  "changed_pixels": 21263,
  "changed_percentage": 0.974683352822722,
  "mean_diff": {
    "r": 0.7427354850657497,
    "g": 0.375229483541131,
    "b": 0.24669348883283237
  },
  "max_diff": {
    "r": 231,
    "g": 129,
    "b": 130
  }
}