{
  "total_pixels": 56169,
  "diff_percentage": 0.023181675003435594,
  "changed_pixels": 88,
  "changed_percentage": 0.15667004931545872,
  "mean_diff": {
    "r": 0.05866225141982232,
    "g": 0.05973045630151863,
    "b": 0.058947106054941335
  },
  "max_diff": {
    "r": 45,
    "g": 46,
    "b": 46
  }
}