{
  "total_pixels": 5750404,
  "diff_percentage": 0.1444888080225047,
  "changed_pixels": 20695,
  "changed_percentage": 0.35988775745147644,
  "mean_diff": {
    "r": 0.3681047453361538,
    "g": 0.36869531253804083,
    "b": 0.3685393234979664
  },
  "max_diff": {
    "r": 255,
    "g": 255,
    "b": 255
  }
}