{
  "total_pixels": 1397124,
  "diff_percentage": 1.039977494009028,
  "changed_pixels": 31956,
  "changed_percentage": 2.2872701349343365,
  "mean_diff": {
    "r": 2.6030423928012114,
    "g": 2.6219827302372587,
    "b": 2.730802706130594
  },
  "max_diff": {
    "r": 255,
    "g": 255,
    "b": 255
  }
}