{
  "total_pixels": 126025,
  "diff_percentage": 0.1763194095994544,
  "changed_pixels": 578,
  "changed_percentage": 0.4586391588970442,
  "mean_diff": {
    "r": 0.4829914699464392,
    "g": 0.41484626066256697,
    "b": 0.4510057528268201
  },
  "max_diff": {
    "r": 148,
    "g": 127,
    "b": 138
  }
}