{
  "total_pixels": 559086,
  "diff_percentage": 3.362767695612627,
  "changed_pixels": 30082,
  "changed_percentage": 5.380567569211177,
  "mean_diff": {
    "r": 8.491525454044638,
    "g": 8.634539230100557,
    "b": 8.599108187291401
  },
  "max_diff": {
    "r": 223,
    "g": 224,
    "b": 223
  }
}