{
  "total_pixels": 543375,
  "diff_percentage": 0.5556393335648806,
  "changed_pixels": 13916,
  "changed_percentage": 2.5610305958132047,
  "mean_diff": {
    "r": 1.3349123533471359,
    "g": 1.4339415688980905,
    "b": 1.48178697952611
  },
  "max_diff": {
    "r": 217,
    "g": 220,
    "b": 219
  }
}