{
  "total_pixels": 7875032,
  "diff_percentage": 0.6089726639442575,
  "changed_pixels": 86872,
  "changed_percentage": 1.103132025368278,
  "mean_diff": {
    "r": 1.5528802930578567,
    "g": 1.5528802930578567,
    "b": 1.5528802930578567
  },
  "max_diff": {
    "r": 255,
    "g": 255,
    "b": 255
  }
}