{
  "total_pixels": 4709976,
  "diff_percentage": 0.15511006975032418,
  "changed_pixels": 26415,
  "changed_percentage": 0.5608308832146915,
  "mean_diff": {
    "r": 0.3945054072462365,
    "g": 0.39625807010481584,
    "b": 0.39582855623892776
  },
  "max_diff": {
    "r": 234,
    "g": 234,
    "b": 234
  }
}