{
  "total_pixels": 141512,
  "diff_percentage": 2.2203793798221043,
  "changed_pixels": 9873,
  "changed_percentage": 6.976793487478093,
  "mean_diff": {
    "r": 6.379890044660524,
    "g": 5.181087116286958,
    "b": 5.424925094691616
  },
  "max_diff": {
    "r": 234,
    "g": 218,
    "b": 222
  }
}