{
  "total_pixels": 6512167,
  "diff_percentage": 1.781102269772351,
  "changed_pixels": 198077,
  "changed_percentage": 3.0416449700998145,
  "mean_diff": {
    "r": 5.815309097570747,
    "g": 4.647185337845298,
    "b": 3.1629379283424397
  },
  "max_diff": {
    "r": 255,
    "g": 255,
    "b": 255
  }
}