{
  "total_pixels": 94742,
  "diff_percentage": 0.9096323927810555,
  "changed_pixels": 2167,
  "changed_percentage": 2.2872643600515086,
  "mean_diff": {
    "r": 2.319562601591691,
    "g": 2.319562601591691,
    "b": 2.319562601591691
  },
  "max_diff": {
    "r": 255,
    "g": 255,
    "b": 255
  }
}