{
  "original": {
    "total_pixels": 1130240,
    "diff_percentage": 0.9528935724912843,
    "changed_pixels": 16471,
    "changed_percentage": 1.4573011041902606,
    "mean_diff": {
      "r": 2.4296299900906004,
      "g": 2.4303758493771235,
      "b": 2.4296299900906004
    },
    "max_diff": {
      "r": 255,
      "g": 255,
      "b": 255
    }
  },
  "processed": {
    "total_pixels": 1130240,
    "changed_pixels": 3078,
    "changed_percentage": 0.2723315402038505,
    "diff_percentage": 0.18216803048135072,
    "processing_applied": {
      "threshold": 40,
      "morphology_kernel": 4,
      "blur_kernel": 0
    }
  },
  "note": "The \"processed\" statistics match the red highlighted areas in diff_highlight.png. \"original\" statistics are based on raw pixel differences without filtering."
}