{
  "total_pixels": 6726322,
  "diff_percentage": 2.649221034242814,
  "changed_pixels": 230019,
  "changed_percentage": 3.4196846359719326,
  "mean_diff": {
    "r": 6.755513637319177,
    "g": 6.755513637319177,
    "b": 6.755513637319177
  },
  "max_diff": {
    "r": 255,
    "g": 255,
    "b": 255
  }
}