{
  "total_pixels": 4503640,
  "diff_percentage": 12.848190741629878,
  "changed_pixels": 769008,
  "changed_percentage": 17.075254682878736,
  "mean_diff": {
    "r": 32.99499404925793,
    "g": 32.94326700180299,
    "b": 32.350398122407654
  },
  "max_diff": {
    "r": 220,
    "g": 224,
    "b": 223
  }
}