{
  "total_pixels": 502681,
  "diff_percentage": 0.8715515770451909,
  "changed_pixels": 8315,
  "changed_percentage": 1.6541305519802818,
  "mean_diff": {
    "r": 2.2062898736972354,
    "g": 2.2187629928324326,
    "b": 2.2423166978660425
  },
  "max_diff": {
    "r": 255,
    "g": 255,
    "b": 255
  }
}