{
  "total_pixels": 4709976,
  "diff_percentage": 0.32643148169851494,
  "changed_pixels": 31007,
  "changed_percentage": 0.6583260721498368,
  "mean_diff": {
    "r": 0.8250653506514682,
    "g": 0.8350664631836765,
    "b": 0.8370690211584942
  },
  "max_diff": {
    "r": 255,
    "g": 255,
    "b": 255
  }
}