{
  "total_pixels": 8095638,
  "diff_percentage": 6.516255577943307,
  "changed_pixels": 605075,
  "changed_percentage": 7.474086662471816,
  "mean_diff": {
    "r": 16.616451723755436,
    "g": 16.616451723755436,
    "b": 16.616451723755436
  },
  "max_diff": {
    "r": 255,
    "g": 255,
    "b": 255
  }
}