{
  "total_pixels": 4709976,
  "diff_percentage": 0.32643148169851494,
  "changed_pixels": 42241,
  "changed_percentage": 0.8968410879376032,
  "mean_diff": {
    "r": 0.8250653506514682,
    "g": 0.8350664631836765,
    "b": 0.8370690211584942
  },
  "max_diff": {
    "r": 255,
    "g": 255,
    "b": 255
  }
}