{
  "original": {
    "total_pixels": 1091840,
    "diff_percentage": 1.6238945925185235,
    "changed_pixels": 26841,
    "changed_percentage": 2.4583272274325907,
    "mean_diff": {
      "r": 4.1458556198710435,
      "g": 4.137692335873388,
      "b": 4.1392456770222745
    },
    "max_diff": {
      "r": 255,
      "g": 255,
      "b": 255
    }
  },
  "processed": {
    "total_pixels": 1091840,
    "changed_pixels": 199,
    "changed_percentage": 0.018226113716295428,
    "diff_percentage": 0.00991658142350336,
    "processing_applied": {
      "threshold": 40,
      "morphology_kernel": 4,
      "blur_kernel": 0
    }
  },
  "note": "The \"processed\" statistics match the red highlighted areas in diff_highlight.png. \"original\" statistics are based on raw pixel differences without filtering."
}