{
  "total_pixels": 199510,
  "diff_percentage": 11.981138102075576,
  "changed_pixels": 41608,
  "changed_percentage": 20.855094982707634,
  "mean_diff": {
    "r": 29.966527993584283,
    "g": 29.35520525286953,
    "b": 32.33397323442434
  },
  "max_diff": {
    "r": 231,
    "g": 231,
    "b": 231
  }
}