{
  "total_pixels": 8916704,
  "diff_percentage": 0.6081183701138867,
  "changed_pixels": 72747,
  "changed_percentage": 0.8158507897088431,
  "mean_diff": {
    "r": 0.514672461932122,
    "g": 1.2795140446514766,
    "b": 2.8579190247876345
  },
  "max_diff": {
    "r": 247,
    "g": 185,
    "b": 214
  }
}