{
  "total_pixels": 4272489,
  "diff_percentage": 0.29593495115596824,
  "changed_pixels": 45507,
  "changed_percentage": 1.0651168440691128,
  "mean_diff": {
    "r": 0.7543799410601174,
    "g": 0.7548178590980573,
    "b": 0.7547045761849825
  },
  "max_diff": {
    "r": 142,
    "g": 145,
    "b": 144
  }
}