{
  "total_pixels": 2094504,
  "diff_percentage": 1.3678989411915987,
  "changed_pixels": 77665,
  "changed_percentage": 3.708037797970307,
  "mean_diff": {
    "r": 3.737157818748496,
    "g": 3.7760873218671342,
    "b": 2.951181759500101
  },
  "max_diff": {
    "r": 255,
    "g": 255,
    "b": 255
  }
}