{
  "total_pixels": 171396,
  "diff_percentage": 7.669511891355219,
  "changed_pixels": 27519,
  "changed_percentage": 16.055800602114402,
  "mean_diff": {
    "r": 21.996645195920557,
    "g": 23.87299586921515,
    "b": 12.802124903731709
  },
  "max_diff": {
    "r": 171,
    "g": 186,
    "b": 99
  }
}