{
  "original": {
    "total_pixels": 1091840,
    "diff_percentage": 0.36963291324736225,
    "changed_pixels": 8147,
    "changed_percentage": 0.7461716002344666,
    "mean_diff": {
      "r": 1.2552956477139507,
      "g": 0.7733449956037515,
      "b": 0.799051143024619
    },
    "max_diff": {
      "r": 215,
      "g": 118,
      "b": 118
    }
  },
  "processed": {
    "total_pixels": 1091840,
    "changed_pixels": 82,
    "changed_percentage": 0.0075102579132473625,
    "diff_percentage": 0.0015197706671570544,
    "processing_applied": {
      "threshold": 40,
      "morphology_kernel": 4,
      "blur_kernel": 0
    }
  },
  "note": "The \"processed\" statistics match the red highlighted areas in diff_highlight.png. \"original\" statistics are based on raw pixel differences without filtering."
}