{
  "total_pixels": 188650,
  "diff_percentage": 0.0392655763604143,
  "changed_pixels": 607,
  "changed_percentage": 0.3217598727802809,
  "mean_diff": {
    "r": 0.10653591306652531,
    "g": 0.10200371057513914,
    "b": 0.0918420355155049
  },
  "max_diff": {
    "r": 38,
    "g": 36,
    "b": 32
  }
}