{
  "total_pixels": 87616,
  "diff_percentage": 0.1159322080427009,
  "changed_pixels": 844,
  "changed_percentage": 0.9632943754565377,
  "mean_diff": {
    "r": 0.2941586011687363,
    "g": 0.2956309349890431,
    "b": 0.2970918553688824
  },
  "max_diff": {
    "r": 64,
    "g": 64,
    "b": 64
  }
}