{
  "total_pixels": 2094504,
  "diff_percentage": 0.04102701251946301,
  "changed_pixels": 2491,
  "changed_percentage": 0.11893030521784632,
  "mean_diff": {
    "r": 0.10288115945350307,
    "g": 0.10075416423172265,
    "b": 0.11022132208866633
  },
  "max_diff": {
    "r": 122,
    "g": 78,
    "b": 91
  }
}