{
  "total_pixels": 4709976,
  "diff_percentage": 0.13967169403780094,
  "changed_pixels": 23396,
  "changed_percentage": 0.49673289205719945,
  "mean_diff": {
    "r": 0.35615489335826767,
    "g": 0.3561805835104043,
    "b": 0.3561529825205054
  },
  "max_diff": {
    "r": 234,
    "g": 234,
    "b": 234
  }
}