{
  "total_pixels": 543375,
  "diff_percentage": 4.057052283071039,
  "changed_pixels": 25463,
  "changed_percentage": 4.686082355647573,
  "mean_diff": {
    "r": 10.228829077524729,
    "g": 10.343477340694731,
    "b": 10.464143547273983
  },
  "max_diff": {
    "r": 255,
    "g": 255,
    "b": 255
  }
}