{
  "total_pixels": 872907,
  "diff_percentage": 0.1758415654054021,
  "changed_pixels": 8597,
  "changed_percentage": 0.9848700949814814,
  "mean_diff": {
    "r": 0.4435042908351061,
    "g": 0.4517285346548945,
    "b": 0.44995514986132545
  },
  "max_diff": {
    "r": 181,
    "g": 185,
    "b": 184
  }
}