{
  "total_pixels": 126025,
  "diff_percentage": 0.06524486141742289,
  "changed_pixels": 119,
  "changed_percentage": 0.09442570918468557,
  "mean_diff": {
    "r": 0.1646498710573299,
    "g": 0.16749851219996031,
    "b": 0.16697480658599484
  },
  "max_diff": {
    "r": 129,
    "g": 132,
    "b": 131
  }
}