{
  "total_pixels": 2094504,
  "diff_percentage": 7.10198778807076,
  "changed_pixels": 215982,
  "changed_percentage": 10.31184471359329,
  "mean_diff": {
    "r": 20.68866423745192,
    "g": 18.69453245255201,
    "b": 14.947009888737382
  },
  "max_diff": {
    "r": 255,
    "g": 255,
    "b": 255
  }
}