{
  "total_pixels": 502681,
  "diff_percentage": 0.09835471352932373,
  "changed_pixels": 1069,
  "changed_percentage": 0.21265971858892618,
  "mean_diff": {
    "r": 0.2480996894650882,
    "g": 0.2528084411386147,
    "b": 0.2515054278956237
  },
  "max_diff": {
    "r": 111,
    "g": 113,
    "b": 113
  }
}