{
  "total_pixels": 3139984,
  "diff_percentage": 0.332374617320393,
  "changed_pixels": 27798,
  "changed_percentage": 0.8852911352414535,
  "mean_diff": {
    "r": 1.2424404073396553,
    "g": 0.6344013217901747,
    "b": 0.6658240933711764
  },
  "max_diff": {
    "r": 208,
    "g": 165,
    "b": 153
  }
}