{
  "total_pixels": 2284040,
  "diff_percentage": 0.031474787307846794,
  "changed_pixels": 1276,
  "changed_percentage": 0.055865921787709494,
  "mean_diff": {
    "r": 0.07932960893854749,
    "g": 0.08100558659217877,
    "b": 0.08044692737430167
  },
  "max_diff": {
    "r": 142,
    "g": 145,
    "b": 144
  }
}