{
  "total_pixels": 37672720,
  "diff_percentage": 0.42770204745301593,
  "changed_pixels": 414859,
  "changed_percentage": 1.1012186006213514,
  "mean_diff": {
    "r": 1.2222997436872092,
    "g": 1.165029841221977,
    "b": 0.8845910781063857
  },
  "max_diff": {
    "r": 255,
    "g": 255,
    "b": 255
  }
}