{
  "total_pixels": 17727088,
  "diff_percentage": 0.0019571023447390837,
  "changed_pixels": 296,
  "changed_percentage": 0.001669760989509388,
  "mean_diff": {
    "r": 0.004990610979084664,
    "g": 0.004990610979084664,
    "b": 0.004990610979084664
  },
  "max_diff": {
    "r": 60,
    "g": 60,
    "b": 60
  }
}