{
  "total_pixels": 4709976,
  "diff_percentage": 9.36863491892847,
  "changed_pixels": 484564,
  "changed_percentage": 10.288035437972507,
  "mean_diff": {
    "r": 23.693093128287703,
    "g": 23.96163377477932,
    "b": 24.015330226735763
  },
  "max_diff": {
    "r": 255,
    "g": 255,
    "b": 255
  }
}