{
  "total_pixels": 2176714,
  "diff_percentage": 0.5218232620362621,
  "changed_pixels": 40877,
  "changed_percentage": 1.87792240965051,
  "mean_diff": {
    "r": 1.3525837569841512,
    "g": 1.0848398089964966,
    "b": 1.5545243885967563
  },
  "max_diff": {
    "r": 215,
    "g": 198,
    "b": 219
  }
}