{
  "total_pixels": 126025,
  "diff_percentage": 8.528455164384077,
  "changed_pixels": 14138,
  "changed_percentage": 11.218409045824242,
  "mean_diff": {
    "r": 21.73586193215632,
    "g": 21.755857964689547,
    "b": 21.750962110692324
  },
  "max_diff": {
    "r": 255,
    "g": 255,
    "b": 255
  }
}