{
  "total_pixels": 24773970,
  "diff_percentage": 1.3195304999403747,
  "changed_pixels": 484738,
  "changed_percentage": 1.9566423952236967,
  "mean_diff": {
    "r": 3.454108081990896,
    "g": 3.326001242433086,
    "b": 3.3142990001198838
  },
  "max_diff": {
    "r": 255,
    "g": 255,
    "b": 255
  }
}