{
  "total_pixels": 3908402,
  "diff_percentage": 1.3492835727694041,
  "changed_pixels": 190920,
  "changed_percentage": 4.884860871527545,
  "mean_diff": {
    "r": 3.6585463828951066,
    "g": 3.51193633612919,
    "b": 3.1515366126616455
  },
  "max_diff": {
    "r": 255,
    "g": 255,
    "b": 255
  }
}