{
  "total_pixels": 2176714,
  "diff_percentage": 4.0211403143916264,
  "changed_pixels": 152601,
  "changed_percentage": 7.010613245470007,
  "mean_diff": {
    "r": 12.416643619694641,
    "g": 10.269397817076566,
    "b": 8.075681968324732
  },
  "max_diff": {
    "r": 255,
    "g": 255,
    "b": 255
  }
}