{
  "total_pixels": 4503640,
  "diff_percentage": 0.6223428102282175,
  "changed_pixels": 48152,
  "changed_percentage": 1.0691795969482463,
  "mean_diff": {
    "r": 0.3690552530841719,
    "g": 2.0298760558126316,
    "b": 2.3619911893490597
  },
  "max_diff": {
    "r": 35,
    "g": 200,
    "b": 233
  }
}