{
  "total_pixels": 1397124,
  "diff_percentage": 0.3827742829232781,
  "changed_pixels": 18721,
  "changed_percentage": 1.339966960699265,
  "mean_diff": {
    "r": 0.9818011858646762,
    "g": 0.9775524577632336,
    "b": 0.9688696207351674
  },
  "max_diff": {
    "r": 255,
    "g": 255,
    "b": 255
  }
}