{
  "total_pixels": 6512167,
  "diff_percentage": 1.8886245641568318,
  "changed_pixels": 212418,
  "changed_percentage": 3.2618635240773157,
  "mean_diff": {
    "r": 6.025462184861046,
    "g": 4.964487857882023,
    "b": 3.4580278730566953
  },
  "max_diff": {
    "r": 255,
    "g": 255,
    "b": 255
  }
}