{
  "total_pixels": 126025,
  "diff_percentage": 0.14251762994426098,
  "changed_pixels": 1451,
  "changed_percentage": 1.1513588573695694,
  "mean_diff": {
    "r": 0.3634199563578655,
    "g": 0.3634199563578655,
    "b": 0.3634199563578655
  },
  "max_diff": {
    "r": 64,
    "g": 64,
    "b": 64
  }
}