{
  "total_pixels": 543375,
  "diff_percentage": 1.7621850844470908,
  "changed_pixels": 54293,
  "changed_percentage": 9.991810443984358,
  "mean_diff": {
    "r": 5.229451115711985,
    "g": 4.471046698872786,
    "b": 3.7802180814354727
  },
  "max_diff": {
    "r": 255,
    "g": 255,
    "b": 255
  }
}