{
  "total_pixels": 2284040,
  "diff_percentage": 0.0008031863732340803,
  "changed_pixels": 106,
  "changed_percentage": 0.00464089945885361,
  "mean_diff": {
    "r": 0.0020481252517469046,
    "g": 0.0020481252517469046,
    "b": 0.0020481252517469046
  },
  "max_diff": {
    "r": 41,
    "g": 41,
    "b": 41
  }
}