{
  "total_pixels": 2284040,
  "diff_percentage": 2.769664759828731,
  "changed_pixels": 580931,
  "changed_percentage": 25.43436192010648,
  "mean_diff": {
    "r": 6.914473039001068,
    "g": 6.549519272867375,
    "b": 7.7239431008213515
  },
  "max_diff": {
    "r": 255,
    "g": 255,
    "b": 255
  }
}