{
  "total_pixels": 7956280,
  "diff_percentage": 1.9707595144720802,
  "changed_pixels": 56693,
  "changed_percentage": 0.7125566219388961,
  "mean_diff": {
    "r": 5.28985468083074,
    "g": 4.81487969251962,
    "b": 4.971575912361053
  },
  "max_diff": {
    "r": 255,
    "g": 255,
    "b": 255
  }
}