{
  "total_pixels": 2181529,
  "diff_percentage": 0.4246789347126286,
  "changed_pixels": 17458,
  "changed_percentage": 0.8002644017109101,
  "mean_diff": {
    "r": 1.082931283517203,
    "g": 1.082931283517203,
    "b": 1.082931283517203
  },
  "max_diff": {
    "r": 255,
    "g": 255,
    "b": 255
  }
}