{
  "total_pixels": 237600,
  "diff_percentage": 0.8665511322374068,
  "changed_pixels": 12272,
  "changed_percentage": 5.164983164983164,
  "mean_diff": {
    "r": 0.8804587542087542,
    "g": 2.021212121212121,
    "b": 3.727445286195286
  },
  "max_diff": {
    "r": 233,
    "g": 204,
    "b": 216
  }
}