{
  "total_pixels": 37672720,
  "diff_percentage": 0.9280471698478525,
  "changed_pixels": 345908,
  "changed_percentage": 0.9181922621992784,
  "mean_diff": {
    "r": 2.366645360356247,
    "g": 2.3674644942016396,
    "b": 2.3654509947781843
  },
  "max_diff": {
    "r": 255,
    "g": 255,
    "b": 255
  }
}