{
  "total_pixels": 4709976,
  "diff_percentage": 2.1500847246313763,
  "changed_pixels": 148056,
  "changed_percentage": 3.1434555080535445,
  "mean_diff": {
    "r": 5.408145391823653,
    "g": 5.509067562127705,
    "b": 5.530935189478672
  },
  "max_diff": {
    "r": 255,
    "g": 255,
    "b": 255
  }
}