{
  "total_pixels": 18317160,
  "diff_percentage": 3.104751161798536,
  "changed_pixels": 1283486,
  "changed_percentage": 7.007014187788936,
  "mean_diff": {
    "r": 7.470256033140509,
    "g": 7.79972697732618,
    "b": 8.481363377292112
  },
  "max_diff": {
    "r": 255,
    "g": 255,
    "b": 255
  }
}