{
  "total_pixels": 94742,
  "diff_percentage": 2.9909490693887206,
  "changed_pixels": 5937,
  "changed_percentage": 6.2664921576491945,
  "mean_diff": {
    "r": 8.576027527390176,
    "g": 5.72599269595322,
    "b": 8.578740157480315
  },
  "max_diff": {
    "r": 218,
    "g": 144,
    "b": 217
  }
}