{
  "total_pixels": 314530,
  "diff_percentage": 0.7350097427243346,
  "changed_pixels": 5415,
  "changed_percentage": 1.721616379995549,
  "mean_diff": {
    "r": 1.8694909865513623,
    "g": 1.8652719931326105,
    "b": 1.8880615521571869
  },
  "max_diff": {
    "r": 254,
    "g": 227,
    "b": 227
  }
}