{
  "total_pixels": 56169,
  "diff_percentage": 0.7175195025935386,
  "changed_pixels": 1392,
  "changed_percentage": 2.4782353255354375,
  "mean_diff": {
    "r": 1.8296747316135236,
    "g": 1.8296747316135236,
    "b": 1.8296747316135236
  },
  "max_diff": {
    "r": 255,
    "g": 255,
    "b": 255
  }
}