{
  "total_pixels": 4709976,
  "diff_percentage": 9.36859487043332,
  "changed_pixels": 484564,
  "changed_percentage": 10.288035437972507,
  "mean_diff": {
    "r": 23.692984635165868,
    "g": 23.9615257062881,
    "b": 24.01524041736094
  },
  "max_diff": {
    "r": 255,
    "g": 255,
    "b": 255
  }
}