{
  "total_pixels": 8095638,
  "diff_percentage": 0.02963001263262393,
  "changed_pixels": 5860,
  "changed_percentage": 0.07238465949193874,
  "mean_diff": {
    "r": 0.07477446496496014,
    "g": 0.07612259836717007,
    "b": 0.07577253330744285
  },
  "max_diff": {
    "r": 217,
    "g": 220,
    "b": 219
  }
}