{
  "total_pixels": 17727088,
  "diff_percentage": 2.9771242184015754,
  "changed_pixels": 997130,
  "changed_percentage": 5.624894511721271,
  "mean_diff": {
    "r": 8.401566179397316,
    "g": 7.482668557859023,
    "b": 6.890765533515713
  },
  "max_diff": {
    "r": 255,
    "g": 255,
    "b": 255
  }
}