{
  "total_pixels": 314530,
  "diff_percentage": 0.6780362607638037,
  "changed_pixels": 6806,
  "changed_percentage": 2.163863542428385,
  "mean_diff": {
    "r": 1.7289924649476998,
    "g": 1.7289924649476998,
    "b": 1.7289924649476998
  },
  "max_diff": {
    "r": 255,
    "g": 255,
    "b": 255
  }
}