{
  "total_pixels": 4140234,
  "diff_percentage": 1.2672146619631088,
  "changed_pixels": 49850,
  "changed_percentage": 1.2040382258587317,
  "mean_diff": {
    "r": 3.0852026721194985,
    "g": 3.362924655949398,
    "b": 3.246064835948886
  },
  "max_diff": {
    "r": 241,
    "g": 241,
    "b": 241
  }
}