{
  "total_pixels": 4272489,
  "diff_percentage": 0.00588067003547948,
  "changed_pixels": 836,
  "changed_percentage": 0.019567048622009323,
  "mean_diff": {
    "r": 0.014995708590472672,
    "g": 0.014995708590472672,
    "b": 0.014995708590472672
  },
  "max_diff": {
    "r": 64,
    "g": 64,
    "b": 64
  }
}