{
  "total_pixels": 334950,
  "diff_percentage": 15.26439669563402,
  "changed_pixels": 59993,
  "changed_percentage": 17.911031497238394,
  "mean_diff": {
    "r": 37.65277802657113,
    "g": 39.56526347216003,
    "b": 39.55459322286909
  },
  "max_diff": {
    "r": 255,
    "g": 255,
    "b": 255
  }
}