{
  "total_pixels": 5666604,
  "diff_percentage": 0.17501716039738627,
  "changed_pixels": 26050,
  "changed_percentage": 0.4597109662153911,
  "mean_diff": {
    "r": 0.4375498976106324,
    "g": 0.441753649981541,
    "b": 0.45957772944783154
  },
  "max_diff": {
    "r": 255,
    "g": 255,
    "b": 255
  }
}