{
  "total_pixels": 8916704,
  "diff_percentage": 2.058986240843388,
  "changed_pixels": 575578,
  "changed_percentage": 6.45505334706636,
  "mean_diff": {
    "r": 5.54846207746719,
    "g": 4.61746133997495,
    "b": 5.5853213250097795
  },
  "max_diff": {
    "r": 247,
    "g": 224,
    "b": 223
  }
}