{
  "total_pixels": 171396,
  "diff_percentage": 11.580393194096857,
  "changed_pixels": 32331,
  "changed_percentage": 18.86333403346636,
  "mean_diff": {
    "r": 28.449088660178766,
    "g": 29.97084529393918,
    "b": 30.170073980723004
  },
  "max_diff": {
    "r": 255,
    "g": 255,
    "b": 255
  }
}