{
  "total_pixels": 56169,
  "diff_percentage": 0.017747560844915154,
  "changed_pixels": 11,
  "changed_percentage": 0.01958375616443234,
  "mean_diff": {
    "r": 0.0447755879577703,
    "g": 0.04554113478965265,
    "b": 0.045452117716177964
  },
  "max_diff": {
    "r": 65,
    "g": 67,
    "b": 66
  }
}