{
  "total_pixels": 3139984,
  "diff_percentage": 0.4769807827504188,
  "changed_pixels": 24603,
  "changed_percentage": 0.7835390244026722,
  "mean_diff": {
    "r": 1.2773838974975669,
    "g": 1.1796980494168123,
    "b": 1.1918210411263241
  },
  "max_diff": {
    "r": 255,
    "g": 255,
    "b": 255
  }
}