{
  "total_pixels": 2176714,
  "diff_percentage": 2.634571301187991,
  "changed_pixels": 91540,
  "changed_percentage": 4.205421566636683,
  "mean_diff": {
    "r": 6.718156818029378,
    "g": 6.718156818029378,
    "b": 6.718156818029378
  },
  "max_diff": {
    "r": 255,
    "g": 255,
    "b": 255
  }
}