{
  "total_pixels": 5666604,
  "diff_percentage": 3.249455058564131,
  "changed_pixels": 216998,
  "changed_percentage": 3.8294188194551797,
  "mean_diff": {
    "r": 8.277406891323269,
    "g": 8.281586643428763,
    "b": 8.29933766326357
  },
  "max_diff": {
    "r": 255,
    "g": 255,
    "b": 255
  }
}