{
  "total_pixels": 188650,
  "diff_percentage": 0.171375216753368,
  "changed_pixels": 541,
  "changed_percentage": 0.28677445003975616,
  "mean_diff": {
    "r": 0.4323191094619666,
    "g": 0.44038165915716937,
    "b": 0.43831963954412934
  },
  "max_diff": {
    "r": 133,
    "g": 136,
    "b": 136
  }
}