{
  "total_pixels": 171396,
  "diff_percentage": 7.611024852891984,
  "changed_pixels": 27409,
  "changed_percentage": 15.991621741464213,
  "mean_diff": {
    "r": 21.83245816705174,
    "g": 23.747683726574717,
    "b": 12.644198230997223
  },
  "max_diff": {
    "r": 171,
    "g": 186,
    "b": 99
  }
}