{
  "total_pixels": 543375,
  "diff_percentage": 2.0932697630850514,
  "changed_pixels": 13358,
  "changed_percentage": 2.458339084426041,
  "mean_diff": {
    "r": 5.333035196687371,
    "g": 5.341257878997009,
    "b": 5.339220611916264
  },
  "max_diff": {
    "r": 255,
    "g": 255,
    "b": 255
  }
}