{
  "total_pixels": 2094504,
  "diff_percentage": 0.4627005893968776,
  "changed_pixels": 21553,
  "changed_percentage": 1.0290264425372306,
  "mean_diff": {
    "r": 1.1673350826735112,
    "g": 1.188835638413677,
    "b": 1.183488787798925
  },
  "max_diff": {
    "r": 220,
    "g": 224,
    "b": 223
  }
}