{
  "total_pixels": 15471,
  "diff_percentage": 0.22668598174193083,
  "changed_pixels": 292,
  "changed_percentage": 1.887402236442376,
  "mean_diff": {
    "r": 0.5727490142847909,
    "g": 0.5823152995927865,
    "b": 0.5790834464481934
  },
  "max_diff": {
    "r": 95,
    "g": 97,
    "b": 96
  }
}