{
  "total_pixels": 314530,
  "diff_percentage": 0.20329201636885746,
  "changed_pixels": 3337,
  "changed_percentage": 1.0609480812641083,
  "mean_diff": {
    "r": 0.5174959463326233,
    "g": 0.5190283915683719,
    "b": 0.5186595873207643
  },
  "max_diff": {
    "r": 255,
    "g": 255,
    "b": 255
  }
}