{
  "total_pixels": 3821883,
  "diff_percentage": 2.175851109521948,
  "changed_pixels": 105844,
  "changed_percentage": 2.7694202046478136,
  "mean_diff": {
    "r": 5.548070937807358,
    "g": 5.548682154843568,
    "b": 5.548507895191977
  },
  "max_diff": {
    "r": 255,
    "g": 255,
    "b": 255
  }
}