{
  "total_pixels": 1397124,
  "diff_percentage": 0.031660651602256014,
  "changed_pixels": 5661,
  "changed_percentage": 0.40518951789533353,
  "mean_diff": {
    "r": 0.0671536671047094,
    "g": 0.07816271139855875,
    "b": 0.09688760625399034
  },
  "max_diff": {
    "r": 18,
    "g": 21,
    "b": 26
  }
}