{
  "total_pixels": 543375,
  "diff_percentage": 3.9992448552153013,
  "changed_pixels": 24444,
  "changed_percentage": 4.498550724637681,
  "mean_diff": {
    "r": 10.193271681619509,
    "g": 10.201494363929147,
    "b": 10.199457096848402
  },
  "max_diff": {
    "r": 255,
    "g": 255,
    "b": 255
  }
}