{
  "total_pixels": 4709976,
  "diff_percentage": 4.72063954343894,
  "changed_pixels": 268711,
  "changed_percentage": 5.705145843630626,
  "mean_diff": {
    "r": 12.003949489339224,
    "g": 12.04727731096719,
    "b": 12.06166570700148
  },
  "max_diff": {
    "r": 255,
    "g": 255,
    "b": 255
  }
}