{
  "total_pixels": 188650,
  "diff_percentage": 0.3091757915287327,
  "changed_pixels": 1566,
  "changed_percentage": 0.8301086668433608,
  "mean_diff": {
    "r": 0.9526742645109992,
    "g": 0.7431963954412935,
    "b": 0.6693241452425126
  },
  "max_diff": {
    "r": 143,
    "g": 143,
    "b": 143
  }
}