{
  "total_pixels": 126025,
  "diff_percentage": 0.04178753826466115,
  "changed_pixels": 458,
  "changed_percentage": 0.3634199563578655,
  "mean_diff": {
    "r": 0.10539972227732593,
    "g": 0.10733584606228923,
    "b": 0.10693909938504265
  },
  "max_diff": {
    "r": 106,
    "g": 108,
    "b": 108
  }
}