{
  "total_pixels": 196249,
  "diff_percentage": 1.3504832146515746,
  "changed_pixels": 6942,
  "changed_percentage": 3.537342865441353,
  "mean_diff": {
    "r": 3.5381072005462446,
    "g": 3.599203053263966,
    "b": 3.193886338274335
  },
  "max_diff": {
    "r": 224,
    "g": 228,
    "b": 227
  }
}