{
  "total_pixels": 872907,
  "diff_percentage": 0.4135816308651378,
  "changed_pixels": 9032,
  "changed_percentage": 1.0347035823976665,
  "mean_diff": {
    "r": 1.154734696823373,
    "g": 1.0419105357157177,
    "b": 0.9672542435792129
  },
  "max_diff": {
    "r": 227,
    "g": 223,
    "b": 222
  }
}