{
  "original": {
    "total_pixels": 1091840,
    "diff_percentage": 0.8690522540591071,
    "changed_pixels": 18973,
    "changed_percentage": 1.7377088218053929,
    "mean_diff": {
      "r": 2.2731874633645957,
      "g": 2.1087183103751466,
      "b": 2.266343969812427
    },
    "max_diff": {
      "r": 184,
      "g": 164,
      "b": 155
    }
  },
  "processed": {
    "total_pixels": 1091840,
    "changed_pixels": 43,
    "changed_percentage": 0.0039383059788980065,
    "diff_percentage": 0.0005085856147851873,
    "processing_applied": {
      "threshold": 40,
      "morphology_kernel": 4,
      "blur_kernel": 0
    }
  },
  "note": "The \"processed\" statistics match the red highlighted areas in diff_highlight.png. \"original\" statistics are based on raw pixel differences without filtering."
}