{
  "total_pixels": 223729,
  "diff_percentage": 0.046040761791145725,
  "changed_pixels": 422,
  "changed_percentage": 0.18862105493699965,
  "mean_diff": {
    "r": 0.11275695149041921,
    "g": 0.11275695149041921,
    "b": 0.12669792472142638
  },
  "max_diff": {
    "r": 38,
    "g": 38,
    "b": 38
  }
}