{
  "total_pixels": 2284040,
  "diff_percentage": 4.936924687856731,
  "changed_pixels": 194466,
  "changed_percentage": 8.514124095900247,
  "mean_diff": {
    "r": 9.873122187001979,
    "g": 14.65949939580743,
    "b": 13.234852279294584
  },
  "max_diff": {
    "r": 255,
    "g": 255,
    "b": 255
  }
}