{
  "total_pixels": 4272489,
  "diff_percentage": 0.27399087663793814,
  "changed_pixels": 231849,
  "changed_percentage": 5.426555808569665,
  "mean_diff": {
    "r": 0.16597959643664384,
    "g": 0.7171229697724207,
    "b": 1.2129276400711622
  },
  "max_diff": {
    "r": 3,
    "g": 13,
    "b": 22
  }
}