{
  "total_pixels": 977514,
  "diff_percentage": 1.937825847430151,
  "changed_pixels": 69990,
  "changed_percentage": 7.1599997544792195,
  "mean_diff": {
    "r": 5.154350730526621,
    "g": 4.858412258034156,
    "b": 4.811604744279878
  },
  "max_diff": {
    "r": 255,
    "g": 255,
    "b": 255
  }
}