{
  "total_pixels": 171396,
  "diff_percentage": 0.6795134212755325,
  "changed_pixels": 4641,
  "changed_percentage": 2.7077644752502974,
  "mean_diff": {
    "r": 1.754889262293169,
    "g": 1.7875738056897477,
    "b": 1.6558146047749072
  },
  "max_diff": {
    "r": 255,
    "g": 255,
    "b": 255
  }
}