{
  "total_pixels": 223729,
  "diff_percentage": 0.61821583459237,
  "changed_pixels": 3695,
  "changed_percentage": 1.6515516540099855,
  "mean_diff": {
    "r": 1.5609286234685713,
    "g": 1.5870852683380339,
    "b": 1.581337242825025
  },
  "max_diff": {
    "r": 192,
    "g": 196,
    "b": 195
  }
}