{
  "total_pixels": 872907,
  "diff_percentage": 0.04530126445276897,
  "changed_pixels": 790,
  "changed_percentage": 0.09050219553743984,
  "mean_diff": {
    "r": 0.08484981790729139,
    "g": 0.1319785498340602,
    "b": 0.129726305322331
  },
  "max_diff": {
    "r": 89,
    "g": 114,
    "b": 110
  }
}