{
  "total_pixels": 2176714,
  "diff_percentage": 1.3187739526139841,
  "changed_pixels": 56808,
  "changed_percentage": 2.6098054223016898,
  "mean_diff": {
    "r": 3.36287357916566,
    "g": 3.36287357916566,
    "b": 3.36287357916566
  },
  "max_diff": {
    "r": 255,
    "g": 255,
    "b": 255
  }
}