{
  "total_pixels": 186624,
  "diff_percentage": 0.3630472679469593,
  "changed_pixels": 4236,
  "changed_percentage": 2.2698045267489713,
  "mean_diff": {
    "r": 0.9155414094650206,
    "g": 0.9333419067215364,
    "b": 0.9284282836076817
  },
  "max_diff": {
    "r": 161,
    "g": 164,
    "b": 164
  }
}