{
  "total_pixels": 56169,
  "diff_percentage": 0.7241824014525724,
  "changed_pixels": 709,
  "changed_percentage": 1.2622621018711389,
  "mean_diff": {
    "r": 1.824280296960957,
    "g": 1.8620591429436166,
    "b": 1.8536559312076055
  },
  "max_diff": {
    "r": 217,
    "g": 220,
    "b": 219
  }
}