{
  "total_pixels": 543375,
  "diff_percentage": 2.6478373636088897,
  "changed_pixels": 17536,
  "changed_percentage": 3.227237175063262,
  "mean_diff": {
    "r": 6.63533103289625,
    "g": 6.749979296066253,
    "b": 6.870645502645503
  },
  "max_diff": {
    "r": 255,
    "g": 255,
    "b": 255
  }
}