{
  "total_pixels": 4503640,
  "diff_percentage": 0.03153919417861735,
  "changed_pixels": 11396,
  "changed_percentage": 0.25303976339139006,
  "mean_diff": {
    "r": 0.025057731079748825,
    "g": 0.12973750122123437,
    "b": 0.08647960316543951
  },
  "max_diff": {
    "r": 127,
    "g": 135,
    "b": 171
  }
}