{
  "total_pixels": 2094504,
  "diff_percentage": 0.060175227596586486,
  "changed_pixels": 8867,
  "changed_percentage": 0.4233460523350636,
  "mean_diff": {
    "r": 0.17053727278630168,
    "g": 0.14028906127656,
    "b": 0.14951415705102497
  },
  "max_diff": {
    "r": 118,
    "g": 94,
    "b": 108
  }
}