{
  "total_pixels": 237600,
  "diff_percentage": 0.652254571862415,
  "changed_pixels": 8367,
  "changed_percentage": 3.521464646464646,
  "mean_diff": {
    "r": 0.42810185185185184,
    "g": 1.5066287878787878,
    "b": 3.055016835016835
  },
  "max_diff": {
    "r": 192,
    "g": 196,
    "b": 216
  }
}