{
  "total_pixels": 87616,
  "diff_percentage": 0.06930420086222948,
  "changed_pixels": 653,
  "changed_percentage": 0.7452976625273923,
  "mean_diff": {
    "r": 0.17481966764061357,
    "g": 0.1780953250547845,
    "b": 0.17726214390065742
  },
  "max_diff": {
    "r": 77,
    "g": 78,
    "b": 78
  }
}