{
  "total_pixels": 3821883,
  "diff_percentage": 2.1758476208402344,
  "changed_pixels": 122440,
  "changed_percentage": 3.2036564175303117,
  "mean_diff": {
    "r": 5.548062041668989,
    "g": 5.548673258705199,
    "b": 5.548498999053608
  },
  "max_diff": {
    "r": 255,
    "g": 255,
    "b": 255
  }
}