{
  "total_pixels": 8916704,
  "diff_percentage": 0.8697726749924725,
  "changed_pixels": 124118,
  "changed_percentage": 1.3919717420248559,
  "mean_diff": {
    "r": 1.937751550348649,
    "g": 2.248912490534619,
    "b": 2.4670969228091457
  },
  "max_diff": {
    "r": 188,
    "g": 251,
    "b": 249
  }
}