{
  "total_pixels": 4272489,
  "diff_percentage": 1.3216137010534141,
  "changed_pixels": 104737,
  "changed_percentage": 2.451428195602142,
  "mean_diff": {
    "r": 5.010417815001981,
    "g": 3.988918637356351,
    "b": 1.111008360700285
  },
  "max_diff": {
    "r": 220,
    "g": 191,
    "b": 174
  }
}