{
  "total_pixels": 4709976,
  "diff_percentage": 0.4272507512381646,
  "changed_pixels": 72933,
  "changed_percentage": 1.5484792279196327,
  "mean_diff": {
    "r": 0.6689526655762152,
    "g": 0.9818355762322356,
    "b": 1.6176800051635083
  },
  "max_diff": {
    "r": 60,
    "g": 88,
    "b": 145
  }
}