{
  "total_pixels": 77175,
  "diff_percentage": 0.5451611332363634,
  "changed_pixels": 1684,
  "changed_percentage": 2.182053773890509,
  "mean_diff": {
    "r": 1.3752380952380951,
    "g": 1.4007774538386784,
    "b": 1.3944671201814058
  },
  "max_diff": {
    "r": 192,
    "g": 196,
    "b": 195
  }
}