{
  "total_pixels": 188650,
  "diff_percentage": 0.8260911290923295,
  "changed_pixels": 4677,
  "changed_percentage": 2.4791942751126426,
  "mean_diff": {
    "r": 2.1306175457195864,
    "g": 2.1258892128279885,
    "b": 2.0630903790087465
  },
  "max_diff": {
    "r": 255,
    "g": 255,
    "b": 255
  }
}