{
  "total_pixels": 1397124,
  "diff_percentage": 0.021110406956827258,
  "changed_pixels": 0,
  "changed_percentage": 0.0,
  "mean_diff": {
    "r": 0.04476123808624002,
    "g": 0.052316759285503646,
    "b": 0.06441661584798486
  },
  "max_diff": {
    "r": 18,
    "g": 21,
    "b": 26
  }
}