{
  "total_pixels": 2181529,
  "diff_percentage": 0.16586969161705398,
  "changed_pixels": 14294,
  "changed_percentage": 0.6552285117456609,
  "mean_diff": {
    "r": 0.6969955476182073,
    "g": 0.3504202786210956,
    "b": 0.22148731463116006
  },
  "max_diff": {
    "r": 231,
    "g": 196,
    "b": 195
  }
}