{
  "total_pixels": 314530,
  "diff_percentage": 0.7286651792310095,
  "changed_pixels": 4571,
  "changed_percentage": 1.4532794963914413,
  "mean_diff": {
    "r": 1.858096207039074,
    "g": 1.858096207039074,
    "b": 1.858096207039074
  },
  "max_diff": {
    "r": 223,
    "g": 223,
    "b": 223
  }
}