{
  "total_pixels": 6279968,
  "diff_percentage": 10.304563039778364,
  "changed_pixels": 762576,
  "changed_percentage": 12.142991811423244,
  "mean_diff": {
    "r": 22.74306190732182,
    "g": 28.056779907158763,
    "b": 28.030065439823897
  },
  "max_diff": {
    "r": 255,
    "g": 255,
    "b": 255
  }
}