{
  "total_pixels": 8916704,
  "diff_percentage": 0.533715603017391,
  "changed_pixels": 82024,
  "changed_percentage": 0.9198914755945694,
  "mean_diff": {
    "r": 1.190758939626122,
    "g": 1.3406342747275226,
    "b": 1.551531148729396
  },
  "max_diff": {
    "r": 188,
    "g": 251,
    "b": 249
  }
}