{
  "total_pixels": 543375,
  "diff_percentage": 0.5564175729336286,
  "changed_pixels": 14827,
  "changed_percentage": 2.728686450425581,
  "mean_diff": {
    "r": 1.3409302967563836,
    "g": 1.4348010121923165,
    "b": 1.4808631239935588
  },
  "max_diff": {
    "r": 167,
    "g": 182,
    "b": 190
  }
}