{
  "total_pixels": 7956280,
  "diff_percentage": 0.0026316860860287747,
  "changed_pixels": 1550,
  "changed_percentage": 0.01948146621285324,
  "mean_diff": {
    "r": 0.006710799519373376,
    "g": 0.006710799519373376,
    "b": 0.006710799519373376
  },
  "max_diff": {
    "r": 63,
    "g": 63,
    "b": 63
  }
}