{
  "total_pixels": 2284040,
  "diff_percentage": 4.936778175307531,
  "changed_pixels": 194467,
  "changed_percentage": 8.514167877970614,
  "mean_diff": {
    "r": 9.872254426367315,
    "g": 14.659462181047617,
    "b": 13.234636433687676
  },
  "max_diff": {
    "r": 255,
    "g": 255,
    "b": 255
  }
}