{
  "total_pixels": 4272489,
  "diff_percentage": 0.6267770165111559,
  "changed_pixels": 540546,
  "changed_percentage": 12.65178213448882,
  "mean_diff": {
    "r": 0.37791554290719065,
    "g": 1.6409701698471313,
    "b": 2.775958463556021
  },
  "max_diff": {
    "r": 3,
    "g": 13,
    "b": 22
  }
}