{
  "total_pixels": 4709976,
  "diff_percentage": 1.3168325429264638,
  "changed_pixels": 72022,
  "changed_percentage": 1.5291373034597204,
  "mean_diff": {
    "r": 3.3549056300923827,
    "g": 3.3600207304665672,
    "b": 3.3588425928284984
  },
  "max_diff": {
    "r": 255,
    "g": 255,
    "b": 255
  }
}