{
  "total_pixels": 102144,
  "diff_percentage": 0.5203099149016331,
  "changed_pixels": 2653,
  "changed_percentage": 2.597313596491228,
  "mean_diff": {
    "r": 1.3126860119047619,
    "g": 1.3368773496240602,
    "b": 1.3308074874686717
  },
  "max_diff": {
    "r": 148,
    "g": 151,
    "b": 150
  }
}