{
  "total_pixels": 161604,
  "diff_percentage": 9.222538334244947,
  "changed_pixels": 49081,
  "changed_percentage": 30.371154179351993,
  "mean_diff": {
    "r": 28.856606272121976,
    "g": 21.337850548253755,
    "b": 20.357961436598103
  },
  "max_diff": {
    "r": 255,
    "g": 234,
    "b": 232
  }
}