{
  "total_pixels": 4709976,
  "diff_percentage": 3.0399887637743928,
  "changed_pixels": 222219,
  "changed_percentage": 4.718049518723663,
  "mean_diff": {
    "r": 10.818378692375502,
    "g": 8.348797743343066,
    "b": 4.088737607155536
  },
  "max_diff": {
    "r": 254,
    "g": 196,
    "b": 96
  }
}