{
  "total_pixels": 6726322,
  "diff_percentage": 2.0300861798369647,
  "changed_pixels": 186905,
  "changed_percentage": 2.778710266918533,
  "mean_diff": {
    "r": 5.176719758584261,
    "g": 5.176719758584261,
    "b": 5.176719758584261
  },
  "max_diff": {
    "r": 255,
    "g": 255,
    "b": 255
  }
}