{
  "total_pixels": 161604,
  "diff_percentage": 0.5088020373533109,
  "changed_pixels": 1251,
  "changed_percentage": 0.7741145021162843,
  "mean_diff": {
    "r": 1.283600653449172,
    "g": 1.3072819979703472,
    "b": 1.3014529343333086
  },
  "max_diff": {
    "r": 220,
    "g": 224,
    "b": 223
  }
}