{
  "total_pixels": 4503640,
  "diff_percentage": 0.21863331696893779,
  "changed_pixels": 65559,
  "changed_percentage": 1.4556891758666324,
  "mean_diff": {
    "r": 0.5560810810810811,
    "g": 0.5595211873062678,
    "b": 0.5569426064250251
  },
  "max_diff": {
    "r": 77,
    "g": 78,
    "b": 78
  }
}