{
  "total_pixels": 3821883,
  "diff_percentage": 2.175841806370712,
  "changed_pixels": 122440,
  "changed_percentage": 3.2036564175303117,
  "mean_diff": {
    "r": 5.548073815969772,
    "g": 5.548604444458399,
    "b": 5.548511558307776
  },
  "max_diff": {
    "r": 255,
    "g": 255,
    "b": 255
  }
}