{
  "total_pixels": 872907,
  "diff_percentage": 0.04961500027580444,
  "changed_pixels": 3777,
  "changed_percentage": 0.4326921424619118,
  "mean_diff": {
    "r": 0.09584984425603185,
    "g": 0.1429785761828007,
    "b": 0.1407263316710715
  },
  "max_diff": {
    "r": 89,
    "g": 114,
    "b": 110
  }
}