{
  "total_pixels": 5822266,
  "diff_percentage": 5.1224828576670625,
  "changed_pixels": 645142,
  "changed_percentage": 11.080599890145864,
  "mean_diff": {
    "r": 10.768497866638178,
    "g": 12.325439785815352,
    "b": 16.0930562086995
  },
  "max_diff": {
    "r": 255,
    "g": 255,
    "b": 255
  }
}