{
  "total_pixels": 2094504,
  "diff_percentage": 7.018903179136314,
  "changed_pixels": 211420,
  "changed_percentage": 10.094036583362936,
  "mean_diff": {
    "r": 20.54133293610325,
    "g": 18.497797091817443,
    "b": 14.655479292472108
  },
  "max_diff": {
    "r": 255,
    "g": 255,
    "b": 255
  }
}