{
  "total_pixels": 94742,
  "diff_percentage": 11.57942664515934,
  "changed_pixels": 23578,
  "changed_percentage": 24.88653395537354,
  "mean_diff": {
    "r": 30.374575162018957,
    "g": 24.865698423085853,
    "b": 33.342340250364146
  },
  "max_diff": {
    "r": 218,
    "g": 207,
    "b": 217
  }
}