{
  "total_pixels": 314530,
  "diff_percentage": 1.498082521301105,
  "changed_pixels": 7503,
  "changed_percentage": 2.3854640256891235,
  "mean_diff": {
    "r": 4.114001844021238,
    "g": 4.114001844021238,
    "b": 3.2323275999109784
  },
  "max_diff": {
    "r": 255,
    "g": 255,
    "b": 255
  }
}