{
  "total_pixels": 4503640,
  "diff_percentage": 4.572920332909507,
  "changed_pixels": 246848,
  "changed_percentage": 5.4810775283992506,
  "mean_diff": {
    "r": 11.913027240187937,
    "g": 11.361633034612003,
    "b": 11.708180271957794
  },
  "max_diff": {
    "r": 255,
    "g": 255,
    "b": 255
  }
}