{
  "total_pixels": 80656,
  "diff_percentage": 0.44128343660415964,
  "changed_pixels": 1032,
  "changed_percentage": 1.2795080341202143,
  "mean_diff": {
    "r": 1.1251363816703035,
    "g": 1.1251983733386233,
    "b": 1.1254835350128942
  },
  "max_diff": {
    "r": 60,
    "g": 60,
    "b": 60
  }
}