{
  "total_pixels": 2176714,
  "diff_percentage": 1.4747174731887793,
  "changed_pixels": 51609,
  "changed_percentage": 2.370959161378114,
  "mean_diff": {
    "r": 3.6954372508285425,
    "g": 3.8424946961337136,
    "b": 3.7436567229319055
  },
  "max_diff": {
    "r": 255,
    "g": 255,
    "b": 255
  }
}