{
  "total_pixels": 1284255,
  "diff_percentage": 2.177453966533788,
  "changed_pixels": 60111,
  "changed_percentage": 4.680612495182031,
  "mean_diff": {
    "r": 5.614930056725495,
    "g": 2.917788133976508,
    "b": 8.124804653281474
  },
  "max_diff": {
    "r": 220,
    "g": 224,
    "b": 234
  }
}