{
  "total_pixels": 87616,
  "diff_percentage": 0.5397721847443627,
  "changed_pixels": 3606,
  "changed_percentage": 4.115686632578525,
  "mean_diff": {
    "r": 1.055298119065011,
    "g": 1.488917549306063,
    "b": 1.5850415449233017
  },
  "max_diff": {
    "r": 217,
    "g": 217,
    "b": 217
  }
}