{
  "total_pixels": 3139984,
  "diff_percentage": 0.3530721958301807,
  "changed_pixels": 222327,
  "changed_percentage": 7.080513786057509,
  "mean_diff": {
    "r": 0.21577625873252856,
    "g": 0.923995154115435,
    "b": 1.5612308852529184
  },
  "max_diff": {
    "r": 3,
    "g": 13,
    "b": 22
  }
}