{
  "total_pixels": 37672720,
  "diff_percentage": 6.016066253700933,
  "changed_pixels": 4867310,
  "changed_percentage": 12.919985602313822,
  "mean_diff": {
    "r": 26.73147298628822,
    "g": 14.054004621912089,
    "b": 5.237429232611821
  },
  "max_diff": {
    "r": 255,
    "g": 255,
    "b": 255
  }
}