{
  "total_pixels": 314530,
  "diff_percentage": 4.536164656093364,
  "changed_pixels": 18863,
  "changed_percentage": 5.997202174673323,
  "mean_diff": {
    "r": 11.568851937811974,
    "g": 11.56640384065113,
    "b": 11.56640384065113
  },
  "max_diff": {
    "r": 255,
    "g": 255,
    "b": 255
  }
}