{
  "total_pixels": 8095638,
  "diff_percentage": 0.15435035202455924,
  "changed_pixels": 102913,
  "changed_percentage": 1.2712154372515174,
  "mean_diff": {
    "r": 0.21083279662455262,
    "g": 0.33475607481461006,
    "b": 0.6351913215487155
  },
  "max_diff": {
    "r": 217,
    "g": 220,
    "b": 219
  }
}