{
  "total_pixels": 8916704,
  "diff_percentage": 0.1955391043288518,
  "changed_pixels": 42451,
  "changed_percentage": 0.47608398798479795,
  "mean_diff": {
    "r": 0.49848609979651676,
    "g": 0.49869806152587326,
    "b": 0.4986899867933263
  },
  "max_diff": {
    "r": 255,
    "g": 255,
    "b": 255
  }
}