{
  "total_pixels": 2094504,
  "diff_percentage": 1.395586342384922,
  "changed_pixels": 81649,
  "changed_percentage": 3.8982498959180787,
  "mean_diff": {
    "r": 3.820270574799571,
    "g": 3.8807880051792694,
    "b": 2.975176939265812
  },
  "max_diff": {
    "r": 255,
    "g": 255,
    "b": 255
  }
}