{
  "total_pixels": 126025,
  "diff_percentage": 9.906795648233505,
  "changed_pixels": 14994,
  "changed_percentage": 11.897639357270382,
  "mean_diff": {
    "r": 25.032279309660783,
    "g": 25.426780400714144,
    "b": 25.327926998611385
  },
  "max_diff": {
    "r": 255,
    "g": 255,
    "b": 255
  }
}