{
  "total_pixels": 18317160,
  "diff_percentage": 3.9469676115130268,
  "changed_pixels": 1593348,
  "changed_percentage": 8.698662893155925,
  "mean_diff": {
    "r": 10.09681353441254,
    "g": 8.92127147439887,
    "b": 11.176217219263249
  },
  "max_diff": {
    "r": 255,
    "g": 255,
    "b": 255
  }
}