{
  "total_pixels": 314530,
  "diff_percentage": 0.8911738626925245,
  "changed_pixels": 4479,
  "changed_percentage": 1.4240295043398086,
  "mean_diff": {
    "r": 2.320907385622993,
    "g": 2.27593870219057,
    "b": 2.2206339617842494
  },
  "max_diff": {
    "r": 255,
    "g": 255,
    "b": 255
  }
}