{
  "total_pixels": 2094504,
  "diff_percentage": 0.5318624860946378,
  "changed_pixels": 28330,
  "changed_percentage": 1.3525875338504962,
  "mean_diff": {
    "r": 0.8213080519301944,
    "g": 1.7853367670818485,
    "b": 1.4621031996119367
  },
  "max_diff": {
    "r": 255,
    "g": 255,
    "b": 255
  }
}