{
  "total_pixels": 5666604,
  "diff_percentage": 3.249465139413791,
  "changed_pixels": 217057,
  "changed_percentage": 3.830460007440082,
  "mean_diff": {
    "r": 8.277392244102463,
    "g": 8.281595996473373,
    "b": 8.299420075939663
  },
  "max_diff": {
    "r": 255,
    "g": 255,
    "b": 255
  }
}