{
  "total_pixels": 4503640,
  "diff_percentage": 0.6545705396877808,
  "changed_pixels": 77080,
  "changed_percentage": 1.7115044719382542,
  "mean_diff": {
    "r": 1.6054102903429226,
    "g": 1.612011395226972,
    "b": 1.7900429430416285
  },
  "max_diff": {
    "r": 220,
    "g": 255,
    "b": 247
  }
}