{
  "total_pixels": 17727088,
  "diff_percentage": 1.5229776573709324,
  "changed_pixels": 975651,
  "changed_percentage": 5.503729659377784,
  "mean_diff": {
    "r": 1.6131325686429716,
    "g": 5.638431760478653,
    "b": 4.399214749766008
  },
  "max_diff": {
    "r": 255,
    "g": 255,
    "b": 255
  }
}