{
  "total_pixels": 2284040,
  "diff_percentage": 0.2661827402951747,
  "changed_pixels": 20264,
  "changed_percentage": 0.8871998739076373,
  "mean_diff": {
    "r": 0.5155566452426402,
    "g": 0.6947689182326053,
    "b": 0.825972399782841
  },
  "max_diff": {
    "r": 108,
    "g": 145,
    "b": 171
  }
}