{
  "total_pixels": 2284040,
  "diff_percentage": 4.936779205473893,
  "changed_pixels": 194466,
  "changed_percentage": 8.514124095900247,
  "mean_diff": {
    "r": 9.872257053291536,
    "g": 14.659464807971839,
    "b": 13.234639060611899
  },
  "max_diff": {
    "r": 255,
    "g": 255,
    "b": 255
  }
}