{
  "total_pixels": 4272489,
  "diff_percentage": 0.27373265058425933,
  "changed_pixels": 231872,
  "changed_percentage": 5.427094136462376,
  "mean_diff": {
    "r": 0.16522336277518795,
    "g": 0.7162522829198624,
    "b": 1.2125791312745333
  },
  "max_diff": {
    "r": 3,
    "g": 13,
    "b": 22
  }
}