{
  "total_pixels": 3908402,
  "diff_percentage": 1.8359655024815937,
  "changed_pixels": 334028,
  "changed_percentage": 8.546408481010909,
  "mean_diff": {
    "r": 4.82559010050655,
    "g": 4.578778999703715,
    "b": 4.640766993773926
  },
  "max_diff": {
    "r": 255,
    "g": 255,
    "b": 255
  }
}