{
  "total_pixels": 2094504,
  "diff_percentage": 0.39445818597912113,
  "changed_pixels": 30902,
  "changed_percentage": 1.4753851031079435,
  "mean_diff": {
    "r": 1.0527447071001057,
    "g": 0.9849038244854151,
    "b": 0.9799565911547555
  },
  "max_diff": {
    "r": 255,
    "g": 255,
    "b": 255
  }
}