{
  "total_pixels": 15471,
  "diff_percentage": 0.3458378589838969,
  "changed_pixels": 612,
  "changed_percentage": 3.955788248981966,
  "mean_diff": {
    "r": 0.3476827612953267,
    "g": 0.9215952427121712,
    "b": 1.3763816172193135
  },
  "max_diff": {
    "r": 36,
    "g": 71,
    "b": 82
  }
}