{
  "total_pixels": 1397124,
  "diff_percentage": 0.4293233159667518,
  "changed_pixels": 13242,
  "changed_percentage": 0.9478042034923171,
  "mean_diff": {
    "r": 1.093679587495455,
    "g": 1.095545563600654,
    "b": 1.0950982160495417
  },
  "max_diff": {
    "r": 255,
    "g": 255,
    "b": 255
  }
}