{
  "total_pixels": 70503,
  "diff_percentage": 3.910618367975627,
  "changed_pixels": 4513,
  "changed_percentage": 6.401146050522673,
  "mean_diff": {
    "r": 9.976015205026737,
    "g": 9.97195864005787,
    "b": 9.96825666992894
  },
  "max_diff": {
    "r": 255,
    "g": 255,
    "b": 255
  }
}