{
  "total_pixels": 6279968,
  "diff_percentage": 0.17754084888222402,
  "changed_pixels": 75483,
  "changed_percentage": 1.2019647233871256,
  "mean_diff": {
    "r": 0.4380449072351961,
    "g": 0.4611467765440843,
    "b": 0.45899581016973334
  },
  "max_diff": {
    "r": 204,
    "g": 198,
    "b": 199
  }
}