{
  "total_pixels": 881790,
  "diff_percentage": 1.0679452008900197,
  "changed_pixels": 16652,
  "changed_percentage": 1.8884314859547058,
  "mean_diff": {
    "r": 1.8118554304312817,
    "g": 3.0252395695120153,
    "b": 3.3326857868653534
  },
  "max_diff": {
    "r": 239,
    "g": 182,
    "b": 243
  }
}