{
  "total_pixels": 75973918,
  "diff_percentage": 0.13731368047457543,
  "changed_pixels": 1243146,
  "changed_percentage": 1.6362799665011352,
  "mean_diff": {
    "r": 0.3575058350946176,
    "g": 0.35437057491230084,
    "b": 0.3385732456235836
  },
  "max_diff": {
    "r": 51,
    "g": 50,
    "b": 50
  }
}