{
  "total_pixels": 17727088,
  "diff_percentage": 0.0028989864683525075,
  "changed_pixels": 2021,
  "changed_percentage": 0.011400631620940788,
  "mean_diff": {
    "r": 0.007392415494298895,
    "g": 0.007392415494298895,
    "b": 0.007392415494298895
  },
  "max_diff": {
    "r": 61,
    "g": 61,
    "b": 61
  }
}