{
  "total_pixels": 1569992,
  "diff_percentage": 0.01506031569804094,
  "changed_pixels": 742,
  "changed_percentage": 0.04726138731917105,
  "mean_diff": {
    "r": 0.03305367161106553,
    "g": 0.03503584731641945,
    "b": 0.047121896162528217
  },
  "max_diff": {
    "r": 68,
    "g": 72,
    "b": 97
  }
}