{
  "total_pixels": 56169,
  "diff_percentage": 0.931281495607851,
  "changed_pixels": 1785,
  "changed_percentage": 3.1779095230465204,
  "mean_diff": {
    "r": 2.538019192081041,
    "g": 2.198828535313073,
    "b": 2.3874557140059465
  },
  "max_diff": {
    "r": 255,
    "g": 255,
    "b": 255
  }
}