{
  "total_pixels": 4272489,
  "diff_percentage": 0.29426719023345255,
  "changed_pixels": 63270,
  "changed_percentage": 1.480869816165706,
  "mean_diff": {
    "r": 0.7503813350953039,
    "g": 0.7503813350953039,
    "b": 0.7503813350953039
  },
  "max_diff": {
    "r": 61,
    "g": 61,
    "b": 61
  }
}