{
  "total_pixels": 502681,
  "diff_percentage": 1.165116566538846,
  "changed_pixels": 9846,
  "changed_percentage": 1.9586974641969759,
  "mean_diff": {
    "r": 2.971047244674058,
    "g": 2.971047244674058,
    "b": 2.971047244674058
  },
  "max_diff": {
    "r": 255,
    "g": 255,
    "b": 255
  }
}