{
  "total_pixels": 3139984,
  "diff_percentage": 0.48032066904999343,
  "changed_pixels": 24677,
  "changed_percentage": 0.7858957243094232,
  "mean_diff": {
    "r": 1.287882040163262,
    "g": 1.1883197493999968,
    "b": 1.1982513286691907
  },
  "max_diff": {
    "r": 255,
    "g": 255,
    "b": 255
  }
}