{
  "total_pixels": 977514,
  "diff_percentage": 1.7084028591082077,
  "changed_pixels": 61471,
  "changed_percentage": 6.288503284863439,
  "mean_diff": {
    "r": 4.630032920244621,
    "g": 4.163819648618843,
    "b": 4.275429303314326
  },
  "max_diff": {
    "r": 255,
    "g": 255,
    "b": 255
  }
}