{
  "total_pixels": 2094504,
  "diff_percentage": 0.8904775346191435,
  "changed_pixels": 30719,
  "changed_percentage": 1.466647951018475,
  "mean_diff": {
    "r": 2.456244055871939,
    "g": 2.3103183378976597,
    "b": 2.0455907460668494
  },
  "max_diff": {
    "r": 255,
    "g": 255,
    "b": 255
  }
}