{
  "total_pixels": 314530,
  "diff_percentage": 0.729044207261005,
  "changed_pixels": 5606,
  "changed_percentage": 1.7823419069723079,
  "mean_diff": {
    "r": 1.859062728515563,
    "g": 1.859062728515563,
    "b": 1.859062728515563
  },
  "max_diff": {
    "r": 223,
    "g": 223,
    "b": 223
  }
}