{
  "total_pixels": 1397124,
  "diff_percentage": 0.976918728264055,
  "changed_pixels": 29232,
  "changed_percentage": 2.0922981782576207,
  "mean_diff": {
    "r": 2.5438207345947816,
    "g": 2.5321918455341117,
    "b": 2.397415691091127
  },
  "max_diff": {
    "r": 255,
    "g": 255,
    "b": 255
  }
}