{
  "total_pixels": 4709976,
  "diff_percentage": 1.2520965789637373,
  "changed_pixels": 142529,
  "changed_percentage": 3.0261088379218917,
  "mean_diff": {
    "r": 6.6607311799465645,
    "g": 2.5107737279340703,
    "b": 0.40703392119195514
  },
  "max_diff": {
    "r": 231,
    "g": 87,
    "b": 35
  }
}