{
  "total_pixels": 4503640,
  "diff_percentage": 0.3286919460877049,
  "changed_pixels": 45801,
  "changed_percentage": 1.016977378298443,
  "mean_diff": {
    "r": 0.3887775221820572,
    "g": 1.171480180476237,
    "b": 0.9542356849126484
  },
  "max_diff": {
    "r": 255,
    "g": 255,
    "b": 255
  }
}