{
  "total_pixels": 4503640,
  "diff_percentage": 3.513472471911319,
  "changed_pixels": 339549,
  "changed_percentage": 7.539434768320737,
  "mean_diff": {
    "r": 2.8193954223694613,
    "g": 11.995208764466076,
    "b": 12.063460223286054
  },
  "max_diff": {
    "r": 255,
    "g": 255,
    "b": 255
  }
}