{
  "total_pixels": 314530,
  "diff_percentage": 0.7777887912018949,
  "changed_pixels": 3903,
  "changed_percentage": 1.2408991193208916,
  "mean_diff": {
    "r": 1.9828060916287795,
    "g": 1.9836676946555178,
    "b": 1.9836104664101994
  },
  "max_diff": {
    "r": 255,
    "g": 255,
    "b": 255
  }
}