{
  "total_pixels": 6726322,
  "diff_percentage": 1.2327075978958661,
  "changed_pixels": 106498,
  "changed_percentage": 1.5833021374831595,
  "mean_diff": {
    "r": 3.1434043746344584,
    "g": 3.1434043746344584,
    "b": 3.1434043746344584
  },
  "max_diff": {
    "r": 255,
    "g": 255,
    "b": 255
  }
}