{
  "total_pixels": 4709976,
  "diff_percentage": 0.09833662363776417,
  "changed_pixels": 21335,
  "changed_percentage": 0.4529747073021179,
  "mean_diff": {
    "r": 0.2510365233283567,
    "g": 0.2506295148850015,
    "b": 0.25060913261553774
  },
  "max_diff": {
    "r": 96,
    "g": 96,
    "b": 96
  }
}