{
  "total_pixels": 314530,
  "diff_percentage": 2.9508366981422016,
  "changed_pixels": 16185,
  "changed_percentage": 5.145773058213843,
  "mean_diff": {
    "r": 7.524633580262614,
    "g": 7.524633580262614,
    "b": 7.524633580262614
  },
  "max_diff": {
    "r": 255,
    "g": 255,
    "b": 255
  }
}