{
  "total_pixels": 87616,
  "diff_percentage": 0.4788527597549855,
  "changed_pixels": 2689,
  "changed_percentage": 3.069074141709277,
  "mean_diff": {
    "r": 1.2244681336742147,
    "g": 1.2497717311906502,
    "b": 1.1889837472607743
  },
  "max_diff": {
    "r": 196,
    "g": 196,
    "b": 196
  }
}