{
  "total_pixels": 2176714,
  "diff_percentage": 1.3192193082117825,
  "changed_pixels": 56322,
  "changed_percentage": 2.58747818960139,
  "mean_diff": {
    "r": 3.3640092359400455,
    "g": 3.3640092359400455,
    "b": 3.3640092359400455
  },
  "max_diff": {
    "r": 255,
    "g": 255,
    "b": 255
  }
}