{
  "total_pixels": 3139984,
  "diff_percentage": 0.0901082398421613,
  "changed_pixels": 33079,
  "changed_percentage": 1.0534767056137866,
  "mean_diff": {
    "r": 0.19086052667784295,
    "g": 0.2227664217397286,
    "b": 0.27570108637496243
  },
  "max_diff": {
    "r": 18,
    "g": 21,
    "b": 26
  }
}