{
  "total_pixels": 543375,
  "diff_percentage": 4.552139301238477,
  "changed_pixels": 28166,
  "changed_percentage": 5.183528870485392,
  "mean_diff": {
    "r": 11.603152518978606,
    "g": 11.611375201288245,
    "b": 11.609337934207499
  },
  "max_diff": {
    "r": 255,
    "g": 255,
    "b": 255
  }
}