{
  "total_pixels": 6726322,
  "diff_percentage": 0.22310739165665056,
  "changed_pixels": 39398,
  "changed_percentage": 0.5857287236620549,
  "mean_diff": {
    "r": 0.5689238487244589,
    "g": 0.5689238487244589,
    "b": 0.5689238487244589
  },
  "max_diff": {
    "r": 255,
    "g": 255,
    "b": 255
  }
}