{
  "total_pixels": 70503,
  "diff_percentage": 3.910672136604951,
  "changed_pixels": 3869,
  "changed_percentage": 5.487709742847822,
  "mean_diff": {
    "r": 9.976114491581919,
    "g": 9.972284867310611,
    "b": 9.968242486135342
  },
  "max_diff": {
    "r": 255,
    "g": 255,
    "b": 255
  }
}