{
  "total_pixels": 4503640,
  "diff_percentage": 6.314703580656297,
  "changed_pixels": 931340,
  "changed_percentage": 20.679716851258092,
  "mean_diff": {
    "r": 16.48318271442655,
    "g": 15.458248216997806,
    "b": 16.366051460596317
  },
  "max_diff": {
    "r": 202,
    "g": 213,
    "b": 236
  }
}