{
  "total_pixels": 161604,
  "diff_percentage": 6.583547323700814,
  "changed_pixels": 27931,
  "changed_percentage": 17.283606841414816,
  "mean_diff": {
    "r": 19.548488898789635,
    "g": 15.394544689487883,
    "b": 15.421103438033713
  },
  "max_diff": {
    "r": 255,
    "g": 224,
    "b": 223
  }
}