{
  "total_pixels": 4709976,
  "diff_percentage": 3.1882311133100876,
  "changed_pixels": 313913,
  "changed_percentage": 6.664853493945616,
  "mean_diff": {
    "r": 11.14770414966021,
    "g": 8.677899420294287,
    "b": 4.564364446867669
  },
  "max_diff": {
    "r": 254,
    "g": 196,
    "b": 96
  }
}