{
  "total_pixels": 87616,
  "diff_percentage": 0.29222137479291693,
  "changed_pixels": 622,
  "changed_percentage": 0.7099159970781592,
  "mean_diff": {
    "r": 0.8544443937180424,
    "g": 0.6046612490869248,
    "b": 0.7763878743608473
  },
  "max_diff": {
    "r": 197,
    "g": 143,
    "b": 193
  }
}