{
  "total_pixels": 7875032,
  "diff_percentage": 8.705214399228387,
  "changed_pixels": 734218,
  "changed_percentage": 9.323365289182316,
  "mean_diff": {
    "r": 22.198296718032385,
    "g": 22.198296718032385,
    "b": 22.198296718032385
  },
  "max_diff": {
    "r": 255,
    "g": 255,
    "b": 255
  }
}