{
  "total_pixels": 543375,
  "diff_percentage": 3.039982919630547,
  "changed_pixels": 27631,
  "changed_percentage": 5.085070163331032,
  "mean_diff": {
    "r": 7.700902691511387,
    "g": 7.788628479411088,
    "b": 7.7663381642512075
  },
  "max_diff": {
    "r": 255,
    "g": 255,
    "b": 255
  }
}