{
  "total_pixels": 2176714,
  "diff_percentage": 1.3696630961170404,
  "changed_pixels": 37495,
  "changed_percentage": 1.7225505969089185,
  "mean_diff": {
    "r": 3.495150947712929,
    "g": 3.495885081825173,
    "b": 3.486886655757256
  },
  "max_diff": {
    "r": 255,
    "g": 255,
    "b": 255
  }
}