{
  "total_pixels": 77175,
  "diff_percentage": 0.8336744221498124,
  "changed_pixels": 1476,
  "changed_percentage": 1.912536443148688,
  "mean_diff": {
    "r": 2.1258697764820216,
    "g": 2.1258697764820216,
    "b": 2.1258697764820216
  },
  "max_diff": {
    "r": 202,
    "g": 202,
    "b": 202
  }
}