{
  "total_pixels": 3139984,
  "diff_percentage": 0.043665348846371875,
  "changed_pixels": 7553,
  "changed_percentage": 0.24054262696879986,
  "mean_diff": {
    "r": 0.11008272653618617,
    "g": 0.11229388430004739,
    "b": 0.11166330783851128
  },
  "max_diff": {
    "r": 171,
    "g": 175,
    "b": 174
  }
}