{
  "total_pixels": 2094504,
  "diff_percentage": 6.961709798409476,
  "changed_pixels": 214329,
  "changed_percentage": 10.23292388078514,
  "mean_diff": {
    "r": 20.274548055291373,
    "g": 18.32510274508905,
    "b": 14.657429157452075
  },
  "max_diff": {
    "r": 255,
    "g": 255,
    "b": 255
  }
}