{
  "total_pixels": 3821883,
  "diff_percentage": 2.175845295052426,
  "changed_pixels": 122440,
  "changed_percentage": 3.2036564175303117,
  "mean_diff": {
    "r": 5.548082712108141,
    "g": 5.548613340596769,
    "b": 5.548520454446146
  },
  "max_diff": {
    "r": 255,
    "g": 255,
    "b": 255
  }
}