{
  "total_pixels": 543375,
  "diff_percentage": 0.5349338361216736,
  "changed_pixels": 13485,
  "changed_percentage": 2.481711525189786,
  "mean_diff": {
    "r": 1.2859608925695882,
    "g": 1.3804242005981135,
    "b": 1.425858753163101
  },
  "max_diff": {
    "r": 217,
    "g": 220,
    "b": 219
  }
}