{
  "total_pixels": 1284255,
  "diff_percentage": 2.930553643890536,
  "changed_pixels": 71546,
  "changed_percentage": 5.571011987494695,
  "mean_diff": {
    "r": 7.4828822936254875,
    "g": 4.918438316377978,
    "b": 10.017414765759137
  },
  "max_diff": {
    "r": 237,
    "g": 235,
    "b": 252
  }
}