{
  "total_pixels": 24773970,
  "diff_percentage": 1.4505494791931108,
  "changed_pixels": 466561,
  "changed_percentage": 1.8832710300367685,
  "mean_diff": {
    "r": 3.785472090262481,
    "g": 3.658628431373736,
    "b": 3.6526029941910805
  },
  "max_diff": {
    "r": 255,
    "g": 255,
    "b": 255
  }
}