{
  "total_pixels": 4901512,
  "diff_percentage": 1.822943214097137,
  "changed_pixels": 240823,
  "changed_percentage": 4.913239016858471,
  "mean_diff": {
    "r": 4.727609358091952,
    "g": 4.589888793498822,
    "b": 4.628017436252324
  },
  "max_diff": {
    "r": 250,
    "g": 250,
    "b": 250
  }
}