{
  "total_pixels": 188650,
  "diff_percentage": 1.0697161981675787,
  "changed_pixels": 6648,
  "changed_percentage": 3.523986217863769,
  "mean_diff": {
    "r": 2.7881367611979857,
    "g": 2.6821468327590776,
    "b": 2.713045322024914
  },
  "max_diff": {
    "r": 255,
    "g": 255,
    "b": 255
  }
}