{
  "total_pixels": 314530,
  "diff_percentage": 0.8896490229534305,
  "changed_pixels": 6071,
  "changed_percentage": 1.930181540711538,
  "mean_diff": {
    "r": 2.2681715575620767,
    "g": 2.2689059867103296,
    "b": 2.268737481321337
  },
  "max_diff": {
    "r": 255,
    "g": 255,
    "b": 255
  }
}