{
  "total_pixels": 1397124,
  "diff_percentage": 0.18239794679613824,
  "changed_pixels": 6257,
  "changed_percentage": 0.44784858036938746,
  "mean_diff": {
    "r": 0.4579686556096667,
    "g": 0.46831419401570656,
    "b": 0.46906144336508426
  },
  "max_diff": {
    "r": 192,
    "g": 196,
    "b": 195
  }
}