{
  "total_pixels": 432300,
  "diff_percentage": 1.9155941997432793,
  "changed_pixels": 15623,
  "changed_percentage": 3.6139255146888734,
  "mean_diff": {
    "r": 1.3143974092065696,
    "g": 6.784295628036086,
    "b": 6.5556025907934306
  },
  "max_diff": {
    "r": 221,
    "g": 248,
    "b": 248
  }
}