{
  "total_pixels": 2094504,
  "diff_percentage": 0.6455223529421751,
  "changed_pixels": 39018,
  "changed_percentage": 1.862875411075844,
  "mean_diff": {
    "r": 1.6357667495502515,
    "g": 1.5986763453304458,
    "b": 1.7038029051269417
  },
  "max_diff": {
    "r": 255,
    "g": 255,
    "b": 255
  }
}