{
  "total_pixels": 171396,
  "diff_percentage": 1.11565511172613,
  "changed_pixels": 6015,
  "changed_percentage": 3.509416789189946,
  "mean_diff": {
    "r": 2.8733926112628065,
    "g": 2.6934584237671824,
    "b": 2.967910569674905
  },
  "max_diff": {
    "r": 223,
    "g": 206,
    "b": 235
  }
}