{
  "total_pixels": 543375,
  "diff_percentage": 0.5522141180680539,
  "changed_pixels": 7693,
  "changed_percentage": 1.415780998389694,
  "mean_diff": {
    "r": 1.3267669657234875,
    "g": 1.4251796641361858,
    "b": 1.4724913733609386
  },
  "max_diff": {
    "r": 217,
    "g": 220,
    "b": 219
  }
}