{
  "total_pixels": 8916704,
  "diff_percentage": 0.13482258375913622,
  "changed_pixels": 27637,
  "changed_percentage": 0.3099463658320384,
  "mean_diff": {
    "r": 0.3401279217073932,
    "g": 0.3464932782337509,
    "b": 0.3447715658162478
  },
  "max_diff": {
    "r": 220,
    "g": 224,
    "b": 223
  }
}