{
  "total_pixels": 126025,
  "diff_percentage": 0.40002333803983803,
  "changed_pixels": 1201,
  "changed_percentage": 0.9529855187462805,
  "mean_diff": {
    "r": 1.0435469152945844,
    "g": 1.0099345367982544,
    "b": 1.0066970839119223
  },
  "max_diff": {
    "r": 199,
    "g": 199,
    "b": 199
  }
}