{
  "total_pixels": 2094504,
  "diff_percentage": 0.25068808154220934,
  "changed_pixels": 10308,
  "changed_percentage": 0.4921451570395664,
  "mean_diff": {
    "r": 0.6409923304037615,
    "g": 0.6392014529454229,
    "b": 0.6375700404487172
  },
  "max_diff": {
    "r": 255,
    "g": 255,
    "b": 255
  }
}