{
  "total_pixels": 2176714,
  "diff_percentage": 0.9891500362593082,
  "changed_pixels": 58050,
  "changed_percentage": 2.666863905869122,
  "mean_diff": {
    "r": 2.510180023650328,
    "g": 1.9786480906540778,
    "b": 3.078169663079302
  },
  "max_diff": {
    "r": 200,
    "g": 158,
    "b": 246
  }
}