{
  "total_pixels": 2284040,
  "diff_percentage": 0.03400516204917488,
  "changed_pixels": 2568,
  "changed_percentage": 0.11243235670128368,
  "mean_diff": {
    "r": 0.08589385474860335,
    "g": 0.0872270187912646,
    "b": 0.08701861613631985
  },
  "max_diff": {
    "r": 78,
    "g": 79,
    "b": 79
  }
}