{
  "total_pixels": 126025,
  "diff_percentage": 0.1739596744602754,
  "changed_pixels": 577,
  "changed_percentage": 0.4578456655425511,
  "mean_diff": {
    "r": 0.47730212259472327,
    "g": 0.40856179329498116,
    "b": 0.4449275937314025
  },
  "max_diff": {
    "r": 148,
    "g": 127,
    "b": 138
  }
}