{
  "total_pixels": 559086,
  "diff_percentage": 3.9399183714390613,
  "changed_pixels": 33502,
  "changed_percentage": 5.992280257420147,
  "mean_diff": {
    "r": 9.709804931620537,
    "g": 9.784888192514211,
    "b": 10.645682417374072
  },
  "max_diff": {
    "r": 255,
    "g": 255,
    "b": 255
  }
}