{
  "total_pixels": 8095638,
  "diff_percentage": 6.28627495513371,
  "changed_pixels": 593190,
  "changed_percentage": 7.32727920887767,
  "mean_diff": {
    "r": 16.001239432889662,
    "g": 16.050518316159888,
    "b": 16.038245657723333
  },
  "max_diff": {
    "r": 255,
    "g": 255,
    "b": 255
  }
}