{
  "total_pixels": 4709976,
  "diff_percentage": 0.32643112090126136,
  "changed_pixels": 42241,
  "changed_percentage": 0.8968410879376032,
  "mean_diff": {
    "r": 0.8250615289759439,
    "g": 0.8350692232826664,
    "b": 0.8370673226360389
  },
  "max_diff": {
    "r": 255,
    "g": 255,
    "b": 255
  }
}