{
  "total_pixels": 29580328,
  "diff_percentage": 0.5315086564339943,
  "changed_pixels": 852640,
  "changed_percentage": 2.8824562053537743,
  "mean_diff": {
    "r": 0.9906728214778416,
    "g": 1.252825526478273,
    "b": 1.822542873763942
  },
  "max_diff": {
    "r": 255,
    "g": 255,
    "b": 255
  }
}