{
  "total_pixels": 314530,
  "diff_percentage": 0.2987497270021522,
  "changed_pixels": 4727,
  "changed_percentage": 1.5028773090007312,
  "mean_diff": {
    "r": 0.741337869201666,
    "g": 0.7541633548469144,
    "b": 0.7899341875178838
  },
  "max_diff": {
    "r": 255,
    "g": 255,
    "b": 255
  }
}