{
  "total_pixels": 6726322,
  "diff_percentage": 0.2438121389740732,
  "changed_pixels": 27477,
  "changed_percentage": 0.4084996228250744,
  "mean_diff": {
    "r": 0.5342627070187839,
    "g": 0.6523612755975703,
    "b": 0.678538880535306
  },
  "max_diff": {
    "r": 192,
    "g": 227,
    "b": 232
  }
}