{
  "total_pixels": 29580328,
  "diff_percentage": 2.4205153342566,
  "changed_pixels": 1022388,
  "changed_percentage": 3.456310558828151,
  "mean_diff": {
    "r": 5.632945483227908,
    "g": 6.038261509473458,
    "b": 6.845735314361626
  },
  "max_diff": {
    "r": 255,
    "g": 255,
    "b": 255
  }
}