{
  "total_pixels": 18317160,
  "diff_percentage": 3.198076372172716,
  "changed_pixels": 1320798,
  "changed_percentage": 7.2107138879607975,
  "mean_diff": {
    "r": 7.921422644121687,
    "g": 7.815130456904892,
    "b": 8.7287311460947
  },
  "max_diff": {
    "r": 255,
    "g": 255,
    "b": 255
  }
}