{
  "total_pixels": 559086,
  "diff_percentage": 0.6765353414474637,
  "changed_pixels": 16449,
  "changed_percentage": 2.9421233942541933,
  "mean_diff": {
    "r": 1.3881782051419638,
    "g": 1.4632614660356367,
    "b": 2.3240556908954972
  },
  "max_diff": {
    "r": 223,
    "g": 223,
    "b": 223
  }
}