{
  "total_pixels": 94742,
  "diff_percentage": 0.6133851231062605,
  "changed_pixels": 1860,
  "changed_percentage": 1.9632264465601317,
  "mean_diff": {
    "r": 1.5607966899579913,
    "g": 1.5665702645078212,
    "b": 1.5650292372970804
  },
  "max_diff": {
    "r": 227,
    "g": 227,
    "b": 227
  }
}