{
  "total_pixels": 196249,
  "diff_percentage": 0.3420397929174744,
  "changed_pixels": 1428,
  "changed_percentage": 0.7276470198574261,
  "mean_diff": {
    "r": 0.6536848595406856,
    "g": 0.8728197341132948,
    "b": 1.090099822164699
  },
  "max_diff": {
    "r": 255,
    "g": 255,
    "b": 255
  }
}