{
  "total_pixels": 24773970,
  "diff_percentage": 1.3195271177271213,
  "changed_pixels": 484737,
  "changed_percentage": 1.95663835872894,
  "mean_diff": {
    "r": 3.4540996053519075,
    "g": 3.3259926850642025,
    "b": 3.3142901601963675
  },
  "max_diff": {
    "r": 255,
    "g": 255,
    "b": 255
  }
}