{
  "total_pixels": 2176714,
  "diff_percentage": 0.9944156936058219,
  "changed_pixels": 59764,
  "changed_percentage": 2.7456064508244995,
  "mean_diff": {
    "r": 2.5223961439123377,
    "g": 1.9975885669867517,
    "b": 3.0872953451854492
  },
  "max_diff": {
    "r": 200,
    "g": 158,
    "b": 246
  }
}