{
  "total_pixels": 2181529,
  "diff_percentage": 10.751073173217836,
  "changed_pixels": 229998,
  "changed_percentage": 10.542972383131282,
  "mean_diff": {
    "r": 24.35469755387162,
    "g": 18.95485826683945,
    "b": 38.93615395440538
  },
  "max_diff": {
    "r": 255,
    "g": 185,
    "b": 211
  }
}