{
  "total_pixels": 314530,
  "diff_percentage": 0.5015559059071227,
  "changed_pixels": 5459,
  "changed_percentage": 1.7356055066289386,
  "mean_diff": {
    "r": 1.27826280481989,
    "g": 1.2794773153594252,
    "b": 1.279162560010174
  },
  "max_diff": {
    "r": 244,
    "g": 244,
    "b": 244
  }
}