{
  "total_pixels": 37672720,
  "diff_percentage": 2.2183931724760333,
  "changed_pixels": 1399702,
  "changed_percentage": 3.7154259103138827,
  "mean_diff": {
    "r": 6.370052441129815,
    "g": 2.789990396233667,
    "b": 7.810664932078172
  },
  "max_diff": {
    "r": 220,
    "g": 224,
    "b": 236
  }
}