{
  "total_pixels": 87616,
  "diff_percentage": 13.237888623918034,
  "changed_pixels": 18138,
  "changed_percentage": 20.701698319941563,
  "mean_diff": {
    "r": 35.040106829802774,
    "g": 30.771308893352813,
    "b": 35.458432249817385
  },
  "max_diff": {
    "r": 226,
    "g": 224,
    "b": 223
  }
}