{
  "total_pixels": 4272489,
  "diff_percentage": 0.12045700804146373,
  "changed_pixels": 22613,
  "changed_percentage": 0.5292699407769101,
  "mean_diff": {
    "r": 0.30402161363083674,
    "g": 0.309399743334623,
    "b": 0.3080747545517379
  },
  "max_diff": {
    "r": 192,
    "g": 196,
    "b": 195
  }
}