{
  "original": {
    "total_pixels": 1091840,
    "diff_percentage": 0.45650276034602977,
    "changed_pixels": 10489,
    "changed_percentage": 0.9606718933177022,
    "mean_diff": {
      "r": 1.2465480290152404,
      "g": 1.1857634818288394,
      "b": 1.059934605803048
    },
    "max_diff": {
      "r": 226,
      "g": 205,
      "b": 169
    }
  },
  "processed": {
    "total_pixels": 1091840,
    "changed_pixels": 70,
    "changed_percentage": 0.0064111957796014075,
    "diff_percentage": 0.0026705533717981136,
    "processing_applied": {
      "threshold": 40,
      "morphology_kernel": 4,
      "blur_kernel": 0
    }
  },
  "note": "The \"processed\" statistics match the red highlighted areas in diff_highlight.png. \"original\" statistics are based on raw pixel differences without filtering."
}