{
  "total_pixels": 2094504,
  "diff_percentage": 0.0352040543631039,
  "changed_pixels": 2126,
  "changed_percentage": 0.10150374503939835,
  "mean_diff": {
    "r": 0.08893036251064691,
    "g": 0.09041042652580276,
    "b": 0.08997022684129512
  },
  "max_diff": {
    "r": 142,
    "g": 145,
    "b": 144
  }
}