{
  "total_pixels": 102144,
  "diff_percentage": 2.127643455042836,
  "changed_pixels": 5938,
  "changed_percentage": 5.813361528822055,
  "mean_diff": {
    "r": 5.189448229949875,
    "g": 5.511376096491228,
    "b": 5.575648104636591
  },
  "max_diff": {
    "r": 255,
    "g": 255,
    "b": 255
  }
}