{
  "total_pixels": 37672720,
  "diff_percentage": 4.433638275477144,
  "changed_pixels": 1820638,
  "changed_percentage": 4.832775546867866,
  "mean_diff": {
    "r": 11.30577760246672,
    "g": 11.30577760246672,
    "b": 11.30577760246672
  },
  "max_diff": {
    "r": 255,
    "g": 255,
    "b": 255
  }
}