{
  "total_pixels": 4709976,
  "diff_percentage": 0.15510857105404008,
  "changed_pixels": 15556,
  "changed_percentage": 0.33027769143621966,
  "mean_diff": {
    "r": 0.394501585570712,
    "g": 0.39625424842929136,
    "b": 0.3958247345634033
  },
  "max_diff": {
    "r": 234,
    "g": 234,
    "b": 234
  }
}