{
  "total_pixels": 2181529,
  "diff_percentage": 0.016636889176880217,
  "changed_pixels": 0,
  "changed_percentage": 0.0,
  "mean_diff": {
    "r": 0.0,
    "g": 0.027025540343493026,
    "b": 0.10024666185964065
  },
  "max_diff": {
    "r": 0,
    "g": 7,
    "b": 26
  }
}