{
  "total_pixels": 4503640,
  "diff_percentage": 0.2562413276395221,
  "changed_pixels": 73429,
  "changed_percentage": 1.6304367134140383,
  "mean_diff": {
    "r": 0.6582706433018625,
    "g": 0.6525663685374498,
    "b": 0.6494091446030322
  },
  "max_diff": {
    "r": 72,
    "g": 71,
    "b": 71
  }
}