{
  "total_pixels": 6279968,
  "diff_percentage": 10.714683047217227,
  "changed_pixels": 830037,
  "changed_percentage": 13.217217030405251,
  "mean_diff": {
    "r": 22.496992022889287,
    "g": 29.777055551875424,
    "b": 29.693277736447065
  },
  "max_diff": {
    "r": 255,
    "g": 255,
    "b": 255
  }
}