{
  "total_pixels": 8916704,
  "diff_percentage": 1.3369354908737225,
  "changed_pixels": 523250,
  "changed_percentage": 5.86819972940674,
  "mean_diff": {
    "r": 3.24524230029392,
    "g": 3.3441966897185327,
    "b": 3.6381175151715253
  },
  "max_diff": {
    "r": 222,
    "g": 252,
    "b": 249
  }
}