{
  "total_pixels": 171396,
  "diff_percentage": 0.00040879226748071244,
  "changed_pixels": 0,
  "changed_percentage": 0.0,
  "mean_diff": {
    "r": 0.002456300030339098,
    "g": 8.168218628206026e-05,
    "b": 0.0005892786296062918
  },
  "max_diff": {
    "r": 1,
    "g": 1,
    "b": 1
  }
}