{
  "original": {
    "total_pixels": 1091840,
    "diff_percentage": 0.8475256016826426,
    "changed_pixels": 18389,
    "changed_percentage": 1.6842211313012896,
    "mean_diff": {
      "r": 2.1597047186400937,
      "g": 2.1641614155920283,
      "b": 2.1597047186400937
    },
    "max_diff": {
      "r": 248,
      "g": 248,
      "b": 248
    }
  },
  "processed": {
    "total_pixels": 1091840,
    "changed_pixels": 26,
    "changed_percentage": 0.002381301289566237,
    "diff_percentage": 0.0008634461991127048,
    "processing_applied": {
      "threshold": 40,
      "morphology_kernel": 4,
      "blur_kernel": 0
    }
  },
  "note": "The \"processed\" statistics match the red highlighted areas in diff_highlight.png. \"original\" statistics are based on raw pixel differences without filtering."
}