{
  "total_pixels": 4709976,
  "diff_percentage": 0.13967019534151687,
  "changed_pixels": 23396,
  "changed_percentage": 0.49673289205719945,
  "mean_diff": {
    "r": 0.3561510716827432,
    "g": 0.35617676183487984,
    "b": 0.35614916084498094
  },
  "max_diff": {
    "r": 234,
    "g": 234,
    "b": 234
  }
}