{
  "total_pixels": 502681,
  "diff_percentage": 0.39681450285789815,
  "changed_pixels": 4236,
  "changed_percentage": 0.8426815415740798,
  "mean_diff": {
    "r": 1.0116216845275632,
    "g": 1.0120593378305527,
    "b": 1.0119499245048051
  },
  "max_diff": {
    "r": 244,
    "g": 244,
    "b": 244
  }
}