{
  "total_pixels": 314530,
  "diff_percentage": 4.5361696433042855,
  "changed_pixels": 21609,
  "changed_percentage": 6.870250850475312,
  "mean_diff": {
    "r": 11.568864655199821,
    "g": 11.566416558038979,
    "b": 11.566416558038979
  },
  "max_diff": {
    "r": 255,
    "g": 255,
    "b": 255
  }
}