{
  "total_pixels": 37672720,
  "diff_percentage": 5.944200346938518,
  "changed_pixels": 4924174,
  "changed_percentage": 13.070927716395312,
  "mean_diff": {
    "r": 26.01817065505225,
    "g": 13.427581310826508,
    "b": 6.027380688200905
  },
  "max_diff": {
    "r": 255,
    "g": 255,
    "b": 255
  }
}