{
  "total_pixels": 87616,
  "diff_percentage": 5.02586151334164,
  "changed_pixels": 8577,
  "changed_percentage": 9.789307888970052,
  "mean_diff": {
    "r": 9.936358655953251,
    "g": 13.529480916727538,
    "b": 14.982001004382761
  },
  "max_diff": {
    "r": 153,
    "g": 209,
    "b": 232
  }
}