{
  "total_pixels": 543375,
  "diff_percentage": 1.0930387571024114,
  "changed_pixels": 13497,
  "changed_percentage": 2.48391994478951,
  "mean_diff": {
    "r": 2.7865360018403496,
    "g": 2.8130388773867034,
    "b": 2.7621716126063953
  },
  "max_diff": {
    "r": 255,
    "g": 255,
    "b": 255
  }
}