{
  "total_pixels": 79579041,
  "diff_percentage": 0.06482560170191388,
  "changed_pixels": 122213,
  "changed_percentage": 0.15357435634339953,
  "mean_diff": {
    "r": 0.1635705562222093,
    "g": 0.16653981794025388,
    "b": 0.16580547885717797
  },
  "max_diff": {
    "r": 220,
    "g": 224,
    "b": 223
  }
}