{
  "total_pixels": 171396,
  "diff_percentage": 2.9281042700945425,
  "changed_pixels": 12695,
  "changed_percentage": 7.406823963219679,
  "mean_diff": {
    "r": 7.865066862703913,
    "g": 7.576938785035823,
    "b": 6.957992018483512
  },
  "max_diff": {
    "r": 255,
    "g": 255,
    "b": 255
  }
}