{
  "total_pixels": 543375,
  "diff_percentage": 1.134882775439752,
  "changed_pixels": 14010,
  "changed_percentage": 2.578329882677709,
  "mean_diff": {
    "r": 2.894098918794571,
    "g": 2.920172992868645,
    "b": 2.8675813204508858
  },
  "max_diff": {
    "r": 255,
    "g": 255,
    "b": 255
  }
}