{
  "total_pixels": 117649,
  "diff_percentage": 2.264195974099761,
  "changed_pixels": 7503,
  "changed_percentage": 6.377444772161259,
  "mean_diff": {
    "r": 5.771447271120026,
    "g": 5.775195709270797,
    "b": 5.774456221472346
  },
  "max_diff": {
    "r": 255,
    "g": 255,
    "b": 255
  }
}