{
  "total_pixels": 977514,
  "diff_percentage": 0.001732820408864044,
  "changed_pixels": 94,
  "changed_percentage": 0.009616230560380721,
  "mean_diff": {
    "r": 0.004369246885466602,
    "g": 0.004446995132550531,
    "b": 0.004439834109792801
  },
  "max_diff": {
    "r": 107,
    "g": 109,
    "b": 109
  }
}