{
  "total_pixels": 79579041,
  "diff_percentage": 7.898839940166915,
  "changed_pixels": 74196588,
  "changed_percentage": 93.2363434739054,
  "mean_diff": {
    "r": 22.605249779272913,
    "g": 18.5695918979471,
    "b": 19.25128386505688
  },
  "max_diff": {
    "r": 148,
    "g": 147,
    "b": 148
  }
}