{
  "total_pixels": 559086,
  "diff_percentage": 3.0741322689630755,
  "changed_pixels": 20202,
  "changed_percentage": 3.613397581051931,
  "mean_diff": {
    "r": 7.839037285855843,
    "g": 7.839037285855843,
    "b": 7.839037285855843
  },
  "max_diff": {
    "r": 255,
    "g": 255,
    "b": 255
  }
}