{
  "total_pixels": 2284040,
  "diff_percentage": 0.2851755168831103,
  "changed_pixels": 25849,
  "changed_percentage": 1.1317227369047829,
  "mean_diff": {
    "r": 0.7195241764592564,
    "g": 0.7326776238594771,
    "b": 0.7293909038370606
  },
  "max_diff": {
    "r": 220,
    "g": 224,
    "b": 223
  }
}