{
  "total_pixels": 50625,
  "diff_percentage": 8.690800290486566,
  "changed_pixels": 8792,
  "changed_percentage": 17.366913580246916,
  "mean_diff": {
    "r": 22.16154074074074,
    "g": 22.16154074074074,
    "b": 22.16154074074074
  },
  "max_diff": {
    "r": 255,
    "g": 255,
    "b": 255
  }
}