{
  "original": {
    "total_pixels": 1091840,
    "diff_percentage": 0.5050847786359561,
    "changed_pixels": 13084,
    "changed_percentage": 1.1983440797186402,
    "mean_diff": {
      "r": 1.1303075542203986,
      "g": 1.2638756594372802,
      "b": 1.4697153429073857
    },
    "max_diff": {
      "r": 119,
      "g": 119,
      "b": 149
    }
  },
  "processed": {
    "total_pixels": 1091840,
    "changed_pixels": 30,
    "changed_percentage": 0.002747655334114889,
    "diff_percentage": 0.0006827833712617521,
    "processing_applied": {
      "threshold": 40,
      "morphology_kernel": 4,
      "blur_kernel": 0
    }
  },
  "note": "The \"processed\" statistics match the red highlighted areas in diff_highlight.png. \"original\" statistics are based on raw pixel differences without filtering."
}