{
  "total_pixels": 87616,
  "diff_percentage": 13.241449915734494,
  "changed_pixels": 15238,
  "changed_percentage": 17.391800584368152,
  "mean_diff": {
    "r": 33.63947224251278,
    "g": 33.69284149013879,
    "b": 33.96477812271731
  },
  "max_diff": {
    "r": 255,
    "g": 255,
    "b": 255
  }
}