{
  "total_pixels": 80656,
  "diff_percentage": 0.12247932962777122,
  "changed_pixels": 822,
  "changed_percentage": 1.0191430271771476,
  "mean_diff": {
    "r": 0.3090656615750843,
    "g": 0.3143597500495933,
    "b": 0.3135414600277723
  },
  "max_diff": {
    "r": 115,
    "g": 118,
    "b": 117
  }
}