{
  "total_pixels": 314530,
  "diff_percentage": 0.8283487199180268,
  "changed_pixels": 5207,
  "changed_percentage": 1.6554859631831624,
  "mean_diff": {
    "r": 2.160703271548024,
    "g": 2.115734588115601,
    "b": 2.0604298477092806
  },
  "max_diff": {
    "r": 255,
    "g": 255,
    "b": 255
  }
}