{
  "total_pixels": 126025,
  "diff_percentage": 2.2819416730522136e-05,
  "changed_pixels": 0,
  "changed_percentage": 0.0,
  "mean_diff": {
    "r": 3.1739734179726246e-05,
    "g": 7.934933544931561e-05,
    "b": 6.347946835945249e-05
  },
  "max_diff": {
    "r": 1,
    "g": 1,
    "b": 1
  }
}