{
  "total_pixels": 314530,
  "diff_percentage": 2.950839191747662,
  "changed_pixels": 16185,
  "changed_percentage": 5.145773058213843,
  "mean_diff": {
    "r": 7.524639938956538,
    "g": 7.524639938956538,
    "b": 7.524639938956538
  },
  "max_diff": {
    "r": 255,
    "g": 255,
    "b": 255
  }
}