{
  "total_pixels": 6726322,
  "diff_percentage": 1.4407950979310657,
  "changed_pixels": 152591,
  "changed_percentage": 2.268565198038393,
  "mean_diff": {
    "r": 3.6740274997242177,
    "g": 3.6740274997242177,
    "b": 3.6740274997242177
  },
  "max_diff": {
    "r": 255,
    "g": 255,
    "b": 255
  }
}