{
  "total_pixels": 126025,
  "diff_percentage": 2.744242311088292,
  "changed_pixels": 5028,
  "changed_percentage": 3.989684586391589,
  "mean_diff": {
    "r": 6.980694306685182,
    "g": 7.009942471731799,
    "b": 7.002816901408451
  },
  "max_diff": {
    "r": 255,
    "g": 255,
    "b": 255
  }
}