{
  "total_pixels": 502681,
  "diff_percentage": 0.34084766891691454,
  "changed_pixels": 4591,
  "changed_percentage": 0.913302870011001,
  "mean_diff": {
    "r": 0.8686005637770275,
    "g": 0.8694420517186844,
    "b": 0.8694420517186844
  },
  "max_diff": {
    "r": 117,
    "g": 117,
    "b": 117
  }
}