{
  "total_pixels": 4709976,
  "diff_percentage": 4.497694760883063,
  "changed_pixels": 254383,
  "changed_percentage": 5.400940471883509,
  "mean_diff": {
    "r": 11.433491805478415,
    "g": 11.480237054286476,
    "b": 11.493636060990545
  },
  "max_diff": {
    "r": 255,
    "g": 255,
    "b": 255
  }
}