{
  "total_pixels": 188650,
  "diff_percentage": 0.09606890375197698,
  "changed_pixels": 322,
  "changed_percentage": 0.1706864564007421,
  "mean_diff": {
    "r": 0.24243837794858203,
    "g": 0.24676384839650145,
    "b": 0.24572488735754042
  },
  "max_diff": {
    "r": 106,
    "g": 108,
    "b": 108
  }
}