{
  "total_pixels": 6279968,
  "diff_percentage": 0.6474401251684493,
  "changed_pixels": 51038,
  "changed_percentage": 0.8127111475727264,
  "mean_diff": {
    "r": 1.6422398967638052,
    "g": 1.6554821616925437,
    "b": 1.6551948990822882
  },
  "max_diff": {
    "r": 255,
    "g": 255,
    "b": 255
  }
}