{
  "total_pixels": 70503,
  "diff_percentage": 1.5132939691343965,
  "changed_pixels": 5644,
  "changed_percentage": 8.005333106392635,
  "mean_diff": {
    "r": 3.711203778562614,
    "g": 3.8972242315929817,
    "b": 3.9682708537225366
  },
  "max_diff": {
    "r": 208,
    "g": 188,
    "b": 193
  }
}