{
  "total_pixels": 6726322,
  "diff_percentage": 0.22112650934272304,
  "changed_pixels": 23676,
  "changed_percentage": 0.3519902853297835,
  "mean_diff": {
    "r": 0.476910858564309,
    "g": 0.5940322214725967,
    "b": 0.6206747164349253
  },
  "max_diff": {
    "r": 191,
    "g": 227,
    "b": 232
  }
}