{
  "total_pixels": 4503640,
  "diff_percentage": 4.2874726227261455,
  "changed_pixels": 295136,
  "changed_percentage": 6.553276904903589,
  "mean_diff": {
    "r": 8.460803039319305,
    "g": 12.811649687808083,
    "b": 11.526712836727624
  },
  "max_diff": {
    "r": 255,
    "g": 223,
    "b": 255
  }
}