{
  "total_pixels": 199510,
  "diff_percentage": 14.137636555967347,
  "changed_pixels": 39599,
  "changed_percentage": 19.8481279133878,
  "mean_diff": {
    "r": 35.69695253370758,
    "g": 36.30304245401233,
    "b": 36.152924665430305
  },
  "max_diff": {
    "r": 220,
    "g": 224,
    "b": 223
  }
}