{
  "total_pixels": 70503,
  "diff_percentage": 0.8688083453362527,
  "changed_pixels": 1423,
  "changed_percentage": 2.0183538289150817,
  "mean_diff": {
    "r": 2.192261322213239,
    "g": 2.231862473937279,
    "b": 2.2222600456718156
  },
  "max_diff": {
    "r": 156,
    "g": 159,
    "b": 158
  }
}