{
  "total_pixels": 314530,
  "diff_percentage": 0.6704515441547914,
  "changed_pixels": 5218,
  "changed_percentage": 1.6589832448415096,
  "mean_diff": {
    "r": 1.703420977331256,
    "g": 1.7060502972689409,
    "b": 1.719483038183957
  },
  "max_diff": {
    "r": 227,
    "g": 227,
    "b": 227
  }
}