{
  "total_pixels": 126025,
  "diff_percentage": 7.564798456577631,
  "changed_pixels": 14810,
  "changed_percentage": 11.751636580043643,
  "mean_diff": {
    "r": 6.886689148978378,
    "g": 25.33414005157707,
    "b": 25.64987899226344
  },
  "max_diff": {
    "r": 83,
    "g": 241,
    "b": 244
  }
}