{
  "total_pixels": 117649,
  "diff_percentage": 0.7841848387279388,
  "changed_pixels": 4403,
  "changed_percentage": 3.742488248943893,
  "mean_diff": {
    "r": 1.8101641322918172,
    "g": 2.0046409234247635,
    "b": 2.184208960552151
  },
  "max_diff": {
    "r": 148,
    "g": 175,
    "b": 199
  }
}