{
  "total_pixels": 5666604,
  "diff_percentage": 0.17500652590838572,
  "changed_pixels": 26042,
  "changed_percentage": 0.4595697881835399,
  "mean_diff": {
    "r": 0.43756313305111844,
    "g": 0.4417428851566123,
    "b": 0.4594939049914199
  },
  "max_diff": {
    "r": 255,
    "g": 255,
    "b": 255
  }
}