{
  "total_pixels": 4709976,
  "diff_percentage": 0.01743655416375517,
  "changed_pixels": 5088,
  "changed_percentage": 0.10802602815810528,
  "mean_diff": {
    "r": 0.04444268930457395,
    "g": 0.04447602280775953,
    "b": 0.04447092724039358
  },
  "max_diff": {
    "r": 51,
    "g": 51,
    "b": 51
  }
}