{
  "total_pixels": 2094504,
  "diff_percentage": 0.18726882074116213,
  "changed_pixels": 8314,
  "changed_percentage": 0.39694362006470263,
  "mean_diff": {
    "r": 0.47753549288996344,
    "g": 0.47753549288996344,
    "b": 0.47753549288996344
  },
  "max_diff": {
    "r": 255,
    "g": 255,
    "b": 255
  }
}