{
  "total_pixels": 1481089,
  "diff_percentage": 1.364985295199919,
  "changed_pixels": 65411,
  "changed_percentage": 4.416412518086354,
  "mean_diff": {
    "r": 3.9336231651170186,
    "g": 3.449548946754719,
    "b": 3.0589653964076433
  },
  "max_diff": {
    "r": 243,
    "g": 222,
    "b": 208
  }
}