{
  "total_pixels": 7827184,
  "diff_percentage": 0.028828438196429062,
  "changed_pixels": 16270,
  "changed_percentage": 0.20786530634772354,
  "mean_diff": {
    "r": 0.002351164863378707,
    "g": 0.0468499271257709,
    "b": 0.17133646021353274
  },
  "max_diff": {
    "r": 1,
    "g": 20,
    "b": 73
  }
}