{
  "total_pixels": 711836,
  "diff_percentage": 1.308201562326521,
  "changed_pixels": 14637,
  "changed_percentage": 2.056232053450514,
  "mean_diff": {
    "r": 3.335060322883361,
    "g": 3.3364988564781775,
    "b": 3.3361827724363478
  },
  "max_diff": {
    "r": 255,
    "g": 255,
    "b": 255
  }
}