{
  "total_pixels": 94742,
  "diff_percentage": 0.26319017329898897,
  "changed_pixels": 254,
  "changed_percentage": 0.2680965147453083,
  "mean_diff": {
    "r": 0.6648793565683646,
    "g": 0.675603217158177,
    "b": 0.6729222520107239
  },
  "max_diff": {
    "r": 220,
    "g": 224,
    "b": 223
  }
}