{
  "total_pixels": 3268864,
  "diff_percentage": 0.08428176299626802,
  "changed_pixels": 3615,
  "changed_percentage": 0.1105888773592294,
  "mean_diff": {
    "r": 0.21233829244655023,
    "g": 0.2167615416242462,
    "b": 0.21565565285065394
  },
  "max_diff": {
    "r": 217,
    "g": 220,
    "b": 219
  }
}