{
  "total_pixels": 7956280,
  "diff_percentage": 0.1016028576563074,
  "changed_pixels": 10142,
  "changed_percentage": 0.12747163247145651,
  "mean_diff": {
    "r": 0.25634831856093554,
    "g": 0.2610376960086875,
    "b": 0.25987584650112866
  },
  "max_diff": {
    "r": 220,
    "g": 224,
    "b": 223
  }
}