{
  "total_pixels": 314530,
  "diff_percentage": 0.6562288498099353,
  "changed_pixels": 3659,
  "changed_percentage": 1.1633230534448225,
  "mean_diff": {
    "r": 1.6725240835532382,
    "g": 1.6741169363812674,
    "b": 1.6735096811114998
  },
  "max_diff": {
    "r": 255,
    "g": 255,
    "b": 255
  }
}