{
  "total_pixels": 171396,
  "diff_percentage": 2.964660671148433,
  "changed_pixels": 8362,
  "changed_percentage": 4.878760297789913,
  "mean_diff": {
    "r": 7.728050829657635,
    "g": 7.579605124973745,
    "b": 7.371998179654134
  },
  "max_diff": {
    "r": 255,
    "g": 255,
    "b": 255
  }
}