{
  "total_pixels": 94742,
  "diff_percentage": 0.5602625251405158,
  "changed_pixels": 1800,
  "changed_percentage": 1.8998965611872243,
  "mean_diff": {
    "r": 1.9204893289143146,
    "g": 1.1961748749234764,
    "b": 1.1693441134871545
  },
  "max_diff": {
    "r": 192,
    "g": 196,
    "b": 195
  }
}