{
  "total_pixels": 8916704,
  "diff_percentage": 0.21746138747337712,
  "changed_pixels": 56714,
  "changed_percentage": 0.6360421967579052,
  "mean_diff": {
    "r": 0.6305723505008128,
    "g": 0.5325307423011911,
    "b": 0.5004765213693311
  },
  "max_diff": {
    "r": 255,
    "g": 224,
    "b": 255
  }
}