{
  "total_pixels": 7956280,
  "diff_percentage": 3.342609238573773,
  "changed_pixels": 234096,
  "changed_percentage": 2.9422795577832854,
  "mean_diff": {
    "r": 8.631945708295836,
    "g": 8.446295881995104,
    "b": 8.492719084798424
  },
  "max_diff": {
    "r": 255,
    "g": 255,
    "b": 255
  }
}