{
  "total_pixels": 8095638,
  "diff_percentage": 0.02037146423790194,
  "changed_pixels": 11195,
  "changed_percentage": 0.13828434522393418,
  "mean_diff": {
    "r": 0.05194723380664995,
    "g": 0.05194723380664995,
    "b": 0.05194723380664995
  },
  "max_diff": {
    "r": 64,
    "g": 64,
    "b": 64
  }
}