{
  "total_pixels": 161604,
  "diff_percentage": 0.036734676049078575,
  "changed_pixels": 500,
  "changed_percentage": 0.3093982822207371,
  "mean_diff": {
    "r": 0.09367342392515036,
    "g": 0.09367342392515036,
    "b": 0.09367342392515036
  },
  "max_diff": {
    "r": 53,
    "g": 53,
    "b": 53
  }
}