{
  "total_pixels": 6726322,
  "diff_percentage": 2.0300862964406194,
  "changed_pixels": 186905,
  "changed_percentage": 2.778710266918533,
  "mean_diff": {
    "r": 5.176720055923579,
    "g": 5.176720055923579,
    "b": 5.176720055923579
  },
  "max_diff": {
    "r": 255,
    "g": 255,
    "b": 255
  }
}