{
  "total_pixels": 18317160,
  "diff_percentage": 1.8645796933129042,
  "changed_pixels": 433122,
  "changed_percentage": 2.364569616687303,
  "mean_diff": {
    "r": 4.794038704690029,
    "g": 4.694158810645319,
    "b": 4.775837138508371
  },
  "max_diff": {
    "r": 255,
    "g": 255,
    "b": 255
  }
}