{
  "total_pixels": 80656,
  "diff_percentage": 0.3929202111314671,
  "changed_pixels": 1737,
  "changed_percentage": 2.1535905574290815,
  "mean_diff": {
    "r": 0.9918294981154533,
    "g": 1.0087160285657608,
    "b": 1.005294088474509
  },
  "max_diff": {
    "r": 91,
    "g": 93,
    "b": 92
  }
}