{
  "total_pixels": 77175,
  "diff_percentage": 1.1607961703199798,
  "changed_pixels": 1711,
  "changed_percentage": 2.2170391966310334,
  "mean_diff": {
    "r": 2.928474246841594,
    "g": 2.982779397473275,
    "b": 2.968837058632977
  },
  "max_diff": {
    "r": 220,
    "g": 224,
    "b": 223
  }
}