{
  "total_pixels": 314530,
  "diff_percentage": 3.6636063893652717,
  "changed_pixels": 14734,
  "changed_percentage": 4.684449814008203,
  "mean_diff": {
    "r": 9.342196292881441,
    "g": 9.342196292881441,
    "b": 9.342196292881441
  },
  "max_diff": {
    "r": 255,
    "g": 255,
    "b": 255
  }
}