{
  "original": {
    "total_pixels": 1091840,
    "diff_percentage": 1.0173928378502632,
    "changed_pixels": 18959,
    "changed_percentage": 1.7364265826494725,
    "mean_diff": {
      "r": 2.5933396834701057,
      "g": 2.5963758426143024,
      "b": 2.5933396834701057
    },
    "max_diff": {
      "r": 255,
      "g": 255,
      "b": 255
    }
  },
  "processed": {
    "total_pixels": 1091840,
    "changed_pixels": 1588,
    "changed_percentage": 0.14544255568581477,
    "diff_percentage": 0.0833955895761978,
    "processing_applied": {
      "threshold": 40,
      "morphology_kernel": 4,
      "blur_kernel": 0
    }
  },
  "note": "The \"processed\" statistics match the red highlighted areas in diff_highlight.png. \"original\" statistics are based on raw pixel differences without filtering."
}