{
  "total_pixels": 2094504,
  "diff_percentage": 1.395574359576956,
  "changed_pixels": 81649,
  "changed_percentage": 3.8982498959180787,
  "mean_diff": {
    "r": 3.8202400186392578,
    "g": 3.8807574490189563,
    "b": 2.975146383105499
  },
  "max_diff": {
    "r": 255,
    "g": 255,
    "b": 255
  }
}