{
  "total_pixels": 4503640,
  "diff_percentage": 5.799839554619087,
  "changed_pixels": 878367,
  "changed_percentage": 19.50349050989866,
  "mean_diff": {
    "r": 15.401404419536197,
    "g": 14.080023936193834,
    "b": 14.887344237105985
  },
  "max_diff": {
    "r": 202,
    "g": 213,
    "b": 236
  }
}