{
  "total_pixels": 4901512,
  "diff_percentage": 3.8769115523397737,
  "changed_pixels": 462797,
  "changed_percentage": 9.441923226955275,
  "mean_diff": {
    "r": 9.92790530758672,
    "g": 9.832484751643982,
    "b": 9.897983316168562
  },
  "max_diff": {
    "r": 250,
    "g": 250,
    "b": 250
  }
}