{
  "original": {
    "total_pixels": 1146880,
    "diff_percentage": 0.42856960492530344,
    "changed_pixels": 6871,
    "changed_percentage": 0.5991036551339286,
    "mean_diff": {
      "r": 1.0890424455915177,
      "g": 1.0902805873325894,
      "b": 1.0992344447544642
    },
    "max_diff": {
      "r": 255,
      "g": 255,
      "b": 255
    }
  },
  "processed": {
    "total_pixels": 1146880,
    "changed_pixels": 575,
    "changed_percentage": 0.05013602120535714,
    "diff_percentage": 0.02808745568539916,
    "processing_applied": {
      "threshold": 40,
      "morphology_kernel": 4,
      "blur_kernel": 0
    }
  },
  "note": "The \"processed\" statistics match the red highlighted areas in diff_highlight.png. \"original\" statistics are based on raw pixel differences without filtering."
}