{
  "total_pixels": 872907,
  "diff_percentage": 0.606579453458836,
  "changed_pixels": 17881,
  "changed_percentage": 2.0484427321581795,
  "mean_diff": {
    "r": 1.5467776063200318,
    "g": 1.5467776063200318,
    "b": 1.5467776063200318
  },
  "max_diff": {
    "r": 255,
    "g": 255,
    "b": 255
  }
}