{
  "total_pixels": 4503640,
  "diff_percentage": 0.24601549607832107,
  "changed_pixels": 41809,
  "changed_percentage": 0.9283379666225542,
  "mean_diff": {
    "r": 0.6207434430815962,
    "g": 0.6319887912888241,
    "b": 0.6292863106287359
  },
  "max_diff": {
    "r": 192,
    "g": 196,
    "b": 195
  }
}