{
  "total_pixels": 126025,
  "diff_percentage": 2.743889647375184,
  "changed_pixels": 6422,
  "changed_percentage": 5.095814322555048,
  "mean_diff": {
    "r": 6.97974211465979,
    "g": 7.00922039277921,
    "b": 7.001793294981154
  },
  "max_diff": {
    "r": 255,
    "g": 255,
    "b": 255
  }
}