{
  "total_pixels": 3268864,
  "diff_percentage": 0.007276617965692032,
  "changed_pixels": 0,
  "changed_percentage": 0.0,
  "mean_diff": {
    "r": 0.018555375812514683,
    "g": 0.018555375812514683,
    "b": 0.018555375812514683
  },
  "max_diff": {
    "r": 24,
    "g": 24,
    "b": 24
  }
}