{
  "total_pixels": 3139984,
  "diff_percentage": 0.5603581694284142,
  "changed_pixels": 109164,
  "changed_percentage": 3.4765782246024184,
  "mean_diff": {
    "r": 1.0677063959561577,
    "g": 1.815161478529827,
    "b": 1.403872121641384
  },
  "max_diff": {
    "r": 234,
    "g": 237,
    "b": 237
  }
}