{
  "total_pixels": 237600,
  "diff_percentage": 0.2265002970885324,
  "changed_pixels": 3641,
  "changed_percentage": 1.5324074074074074,
  "mean_diff": {
    "r": 0.5775757575757576,
    "g": 0.5775757575757576,
    "b": 0.5775757575757576
  },
  "max_diff": {
    "r": 57,
    "g": 57,
    "b": 57
  }
}