{
  "total_pixels": 186624,
  "diff_percentage": 0.00018421577593085703,
  "changed_pixels": 0,
  "changed_percentage": 0.0,
  "mean_diff": {
    "r": 0.0,
    "g": 0.0014092506858710563,
    "b": 0.0
  },
  "max_diff": {
    "r": 0,
    "g": 1,
    "b": 0
  }
}