{
  "total_pixels": 56169,
  "diff_percentage": 0.030182024206360424,
  "changed_pixels": 9,
  "changed_percentage": 0.01602307322544464,
  "mean_diff": {
    "r": 0.07619861489433673,
    "g": 0.07764069148462675,
    "b": 0.07705317879969378
  },
  "max_diff": {
    "r": 77,
    "g": 78,
    "b": 78
  }
}