{
  "total_pixels": 56169,
  "diff_percentage": 0.030182024206360424,
  "changed_pixels": 186,
  "changed_percentage": 0.3311435133258559,
  "mean_diff": {
    "r": 0.07619861489433673,
    "g": 0.07764069148462675,
    "b": 0.07705317879969378
  },
  "max_diff": {
    "r": 77,
    "g": 78,
    "b": 78
  }
}