{
  "total_pixels": 1397124,
  "diff_percentage": 1.1497928152797476,
  "changed_pixels": 28925,
  "changed_percentage": 2.070324466546992,
  "mean_diff": {
    "r": 2.925699508418723,
    "g": 2.9364394284258233,
    "b": 2.933776100045522
  },
  "max_diff": {
    "r": 255,
    "g": 255,
    "b": 255
  }
}