{
  "total_pixels": 21262839,
  "diff_percentage": 4.500517447763995,
  "changed_pixels": 2432344,
  "changed_percentage": 11.439413147040241,
  "mean_diff": {
    "r": 11.416694073637109,
    "g": 11.512765816455648,
    "b": 11.499498585301803
  },
  "max_diff": {
    "r": 255,
    "g": 255,
    "b": 255
  }
}