{
  "total_pixels": 4901512,
  "diff_percentage": 0.027589725894585103,
  "changed_pixels": 4440,
  "changed_percentage": 0.0905842931732086,
  "mean_diff": {
    "r": 0.06974990574337062,
    "g": 0.0706557486751027,
    "b": 0.0706557486751027
  },
  "max_diff": {
    "r": 127,
    "g": 129,
    "b": 129
  }
}