{
  "total_pixels": 8916704,
  "diff_percentage": 0.3403396855266383,
  "changed_pixels": 58825,
  "changed_percentage": 0.6597168639892049,
  "mean_diff": {
    "r": 0.7563231884786127,
    "g": 0.8557477067759567,
    "b": 0.9915276990242134
  },
  "max_diff": {
    "r": 220,
    "g": 251,
    "b": 249
  }
}