{
  "total_pixels": 2284040,
  "diff_percentage": 0.03539617279461127,
  "changed_pixels": 2207,
  "changed_percentage": 0.09662702929896148,
  "mean_diff": {
    "r": 0.0556417575874328,
    "g": 0.0844923906761703,
    "b": 0.13064657361517312
  },
  "max_diff": {
    "r": 139,
    "g": 170,
    "b": 219
  }
}