{
  "total_pixels": 8095638,
  "diff_percentage": 3.952022209549215,
  "changed_pixels": 1149694,
  "changed_percentage": 14.201400803741471,
  "mean_diff": {
    "r": 8.154223051969469,
    "g": 8.501492161581336,
    "b": 13.577254689500691
  },
  "max_diff": {
    "r": 255,
    "g": 156,
    "b": 108
  }
}