{
  "total_pixels": 502681,
  "diff_percentage": 0.0006553097584867587,
  "changed_pixels": 6,
  "changed_percentage": 0.0011935999172437391,
  "mean_diff": {
    "r": 0.0016710398841412346,
    "g": 0.0016710398841412346,
    "b": 0.0016710398841412346
  },
  "max_diff": {
    "r": 140,
    "g": 140,
    "b": 140
  }
}