{
  "total_pixels": 4709976,
  "diff_percentage": 1.1142688364280802,
  "changed_pixels": 97050,
  "changed_percentage": 2.060520053605369,
  "mean_diff": {
    "r": 2.8224171418283235,
    "g": 2.8504512549533163,
    "b": 2.851288201893173
  },
  "max_diff": {
    "r": 255,
    "g": 255,
    "b": 255
  }
}