{
  "total_pixels": 1397124,
  "diff_percentage": 1.1179034024199817,
  "changed_pixels": 21361,
  "changed_percentage": 1.528926566289034,
  "mean_diff": {
    "r": 2.806354339342821,
    "g": 2.960333513703866,
    "b": 2.785273175466172
  },
  "max_diff": {
    "r": 255,
    "g": 255,
    "b": 255
  }
}