{
  "total_pixels": 70503,
  "diff_percentage": 0.517085491842511,
  "changed_pixels": 2395,
  "changed_percentage": 3.397018566585819,
  "mean_diff": {
    "r": 1.318568004198403,
    "g": 1.318568004198403,
    "b": 1.318568004198403
  },
  "max_diff": {
    "r": 83,
    "g": 83,
    "b": 83
  }
}