{
  "total_pixels": 87616,
  "diff_percentage": 0.048090121122712534,
  "changed_pixels": 53,
  "changed_percentage": 0.06049123447772097,
  "mean_diff": {
    "r": 0.12143900657414171,
    "g": 0.12357331994156319,
    "b": 0.12287710007304602
  },
  "max_diff": {
    "r": 110,
    "g": 112,
    "b": 112
  }
}