{
  "total_pixels": 502681,
  "diff_percentage": 0.131552393841997,
  "changed_pixels": 1396,
  "changed_percentage": 0.27771091407870996,
  "mean_diff": {
    "r": 0.3347391287914204,
    "g": 0.3357298167227327,
    "b": 0.3359068673771239
  },
  "max_diff": {
    "r": 108,
    "g": 108,
    "b": 108
  }
}