{
  "total_pixels": 4503640,
  "diff_percentage": 0.4064114471123808,
  "changed_pixels": 53129,
  "changed_percentage": 1.1796902061443633,
  "mean_diff": {
    "r": 1.7592536259558935,
    "g": 0.9332144665204146,
    "b": 0.416579477933405
  },
  "max_diff": {
    "r": 238,
    "g": 149,
    "b": 171
  }
}