{
  "total_pixels": 4503640,
  "diff_percentage": 6.321706688614345,
  "changed_pixels": 682854,
  "changed_percentage": 15.162268742617083,
  "mean_diff": {
    "r": 3.940994839729641,
    "g": 29.000183185156896,
    "b": 15.419878143013207
  },
  "max_diff": {
    "r": 255,
    "g": 255,
    "b": 255
  }
}