{
  "total_pixels": 1397124,
  "diff_percentage": 0.08118161617274164,
  "changed_pixels": 2636,
  "changed_percentage": 0.18867330315705694,
  "mean_diff": {
    "r": 0.20676045934362305,
    "g": 0.20720637538257164,
    "b": 0.20707252899527887
  },
  "max_diff": {
    "r": 199,
    "g": 199,
    "b": 199
  }
}