{
  "total_pixels": 7956280,
  "diff_percentage": 3.4417352596646555,
  "changed_pixels": 740981,
  "changed_percentage": 9.31315891346207,
  "mean_diff": {
    "r": 8.881941686315715,
    "g": 8.70111471692801,
    "b": 8.746218333190889
  },
  "max_diff": {
    "r": 255,
    "g": 255,
    "b": 255
  }
}