{
  "total_pixels": 8916704,
  "diff_percentage": 0.3758026852959953,
  "changed_pixels": 239612,
  "changed_percentage": 2.6872261319877837,
  "mean_diff": {
    "r": 1.120242075995794,
    "g": 0.9738330441382825,
    "b": 0.7808154223802876
  },
  "max_diff": {
    "r": 255,
    "g": 221,
    "b": 255
  }
}