{
  "total_pixels": 543375,
  "diff_percentage": 0.5559294592770012,
  "changed_pixels": 7563,
  "changed_percentage": 1.391856452726018,
  "mean_diff": {
    "r": 1.3397487922705313,
    "g": 1.433509086726478,
    "b": 1.4796024844720497
  },
  "max_diff": {
    "r": 174,
    "g": 190,
    "b": 199
  }
}