{
  "total_pixels": 126025,
  "diff_percentage": 8.528687507536242,
  "changed_pixels": 14136,
  "changed_percentage": 11.216822059115254,
  "mean_diff": {
    "r": 21.736385637770283,
    "g": 21.756286451100973,
    "b": 21.751787343780997
  },
  "max_diff": {
    "r": 255,
    "g": 255,
    "b": 255
  }
}