{
  "total_pixels": 8916704,
  "diff_percentage": 0.21746087437308823,
  "changed_pixels": 92104,
  "changed_percentage": 1.0329377312513683,
  "mean_diff": {
    "r": 0.6305703318176761,
    "g": 0.5325296208105595,
    "b": 0.500475736325889
  },
  "max_diff": {
    "r": 255,
    "g": 224,
    "b": 255
  }
}