{
  "total_pixels": 543375,
  "diff_percentage": 0.551739235683538,
  "changed_pixels": 13610,
  "changed_percentage": 2.504715896020244,
  "mean_diff": {
    "r": 1.3256241085806304,
    "g": 1.4239631930066712,
    "b": 1.4712178513917644
  },
  "max_diff": {
    "r": 217,
    "g": 220,
    "b": 219
  }
}