{
  "total_pixels": 543375,
  "diff_percentage": 2.4822222522932953,
  "changed_pixels": 36765,
  "changed_percentage": 6.766045548654244,
  "mean_diff": {
    "r": 6.094098918794571,
    "g": 6.387827927306188,
    "b": 6.5070733839429495
  },
  "max_diff": {
    "r": 255,
    "g": 246,
    "b": 232
  }
}