{
  "total_pixels": 2094504,
  "diff_percentage": 0.0363198909444647,
  "changed_pixels": 1967,
  "changed_percentage": 0.09391244896166347,
  "mean_diff": {
    "r": 0.09167373277873903,
    "g": 0.09327554399514157,
    "b": 0.09289788895127438
  },
  "max_diff": {
    "r": 152,
    "g": 156,
    "b": 155
  }
}