{
  "total_pixels": 171396,
  "diff_percentage": 0.34462789760119783,
  "changed_pixels": 3703,
  "changed_percentage": 2.1604938271604937,
  "mean_diff": {
    "r": 0.7360906905645406,
    "g": 0.9898130644822516,
    "b": 0.9104996616023712
  },
  "max_diff": {
    "r": 188,
    "g": 188,
    "b": 188
  }
}