{
  "total_pixels": 37672720,
  "diff_percentage": 0.15330161342663695,
  "changed_pixels": 365005,
  "changed_percentage": 0.9688841156146941,
  "mean_diff": {
    "r": 0.4369961871614261,
    "g": 0.3942992966794009,
    "b": 0.3414618588729457
  },
  "max_diff": {
    "r": 234,
    "g": 234,
    "b": 241
  }
}