{
  "total_pixels": 94742,
  "diff_percentage": 0.5780887150973342,
  "changed_pixels": 2180,
  "changed_percentage": 2.3009858352156383,
  "mean_diff": {
    "r": 2.392750839120981,
    "g": 1.0355280656942012,
    "b": 0.9940997656794242
  },
  "max_diff": {
    "r": 174,
    "g": 82,
    "b": 80
  }
}