{
  "total_pixels": 2094504,
  "diff_percentage": 0.18719991959535853,
  "changed_pixels": 8282,
  "changed_percentage": 0.39541581204905796,
  "mean_diff": {
    "r": 0.4773597949681643,
    "g": 0.4773597949681643,
    "b": 0.4773597949681643
  },
  "max_diff": {
    "r": 255,
    "g": 255,
    "b": 255
  }
}