{
  "total_pixels": 37672720,
  "diff_percentage": 3.014633351930379,
  "changed_pixels": 2487744,
  "changed_percentage": 6.6035688423878085,
  "mean_diff": {
    "r": 8.115555393929613,
    "g": 5.3933339827864835,
    "b": 9.553055765551306
  },
  "max_diff": {
    "r": 219,
    "g": 211,
    "b": 236
  }
}