{
  "original": {
    "total_pixels": 1146880,
    "diff_percentage": 0.4655420924880369,
    "changed_pixels": 13549,
    "changed_percentage": 1.1813790457589286,
    "mean_diff": {
      "r": 1.1154323032924107,
      "g": 1.0880528041294644,
      "b": 1.3579119001116071
    },
    "max_diff": {
      "r": 254,
      "g": 254,
      "b": 255
    }
  },
  "processed": {
    "total_pixels": 1146880,
    "changed_pixels": 43,
    "changed_percentage": 0.003749302455357143,
    "diff_percentage": 0.00168687266573296,
    "processing_applied": {
      "threshold": 40,
      "morphology_kernel": 4,
      "blur_kernel": 0
    }
  },
  "note": "The \"processed\" statistics match the red highlighted areas in diff_highlight.png. \"original\" statistics are based on raw pixel differences without filtering."
}