{
  "total_pixels": 141512,
  "diff_percentage": 1.934058018405885,
  "changed_pixels": 9540,
  "changed_percentage": 6.741477754536717,
  "mean_diff": {
    "r": 5.412134659958166,
    "g": 4.62497880038442,
    "b": 4.758430380462435
  },
  "max_diff": {
    "r": 234,
    "g": 218,
    "b": 222
  }
}