{
  "total_pixels": 2094504,
  "diff_percentage": 6.787665254467784,
  "changed_pixels": 218273,
  "changed_percentage": 10.421226218713356,
  "mean_diff": {
    "r": 21.502492714265525,
    "g": 17.58702346713112,
    "b": 12.836123015281899
  },
  "max_diff": {
    "r": 255,
    "g": 255,
    "b": 255
  }
}