{
  "total_pixels": 87616,
  "diff_percentage": 0.10372355662498747,
  "changed_pixels": 106,
  "changed_percentage": 0.12098246895544194,
  "mean_diff": {
    "r": 0.26449506939371803,
    "g": 0.26449506939371803,
    "b": 0.26449506939371803
  },
  "max_diff": {
    "r": 64,
    "g": 64,
    "b": 64
  }
}