{
  "total_pixels": 161604,
  "diff_percentage": 4.553205422825714,
  "changed_pixels": 11566,
  "changed_percentage": 7.15700106433009,
  "mean_diff": {
    "r": 11.124099650998737,
    "g": 11.67175936239202,
    "b": 12.03616247122596
  },
  "max_diff": {
    "r": 204,
    "g": 203,
    "b": 223
  }
}