{
  "total_pixels": 4503640,
  "diff_percentage": 0.012867122791539485,
  "changed_pixels": 6820,
  "changed_percentage": 0.15143306303345738,
  "mean_diff": {
    "r": 0.019127861019086784,
    "g": 0.03616519082342283,
    "b": 0.04314043751276745
  },
  "max_diff": {
    "r": 128,
    "g": 135,
    "b": 171
  }
}