{
  "total_pixels": 7956280,
  "diff_percentage": 1.8919730148792564,
  "changed_pixels": 1003714,
  "changed_percentage": 12.61536798604373,
  "mean_diff": {
    "r": 5.0858031642928605,
    "g": 4.636090107437144,
    "b": 4.751700292096307
  },
  "max_diff": {
    "r": 255,
    "g": 255,
    "b": 255
  }
}