{
  "total_pixels": 4503640,
  "diff_percentage": 9.439888797575678,
  "changed_pixels": 808398,
  "changed_percentage": 17.949880541073444,
  "mean_diff": {
    "r": 14.364903500279773,
    "g": 15.740543427094527,
    "b": 42.10970237407963
  },
  "max_diff": {
    "r": 255,
    "g": 255,
    "b": 255
  }
}