{
  "total_pixels": 2176714,
  "diff_percentage": 21.878365603327932,
  "changed_pixels": 936071,
  "changed_percentage": 43.003858109057965,
  "mean_diff": {
    "r": 55.03247739482541,
    "g": 47.810713304549886,
    "b": 64.52630616608337
  },
  "max_diff": {
    "r": 255,
    "g": 239,
    "b": 255
  }
}