{
  "total_pixels": 4709976,
  "diff_percentage": 1.254759373709699,
  "changed_pixels": 150326,
  "changed_percentage": 3.191651082723139,
  "mean_diff": {
    "r": 6.6673135914068355,
    "g": 2.517787351782684,
    "b": 0.41380826568967655
  },
  "max_diff": {
    "r": 231,
    "g": 146,
    "b": 145
  }
}