{
  "total_pixels": 1397124,
  "diff_percentage": 0.9536560006660181,
  "changed_pixels": 26928,
  "changed_percentage": 1.9273879770156408,
  "mean_diff": {
    "r": 2.415434850449924,
    "g": 2.4434545537833436,
    "b": 2.4365790008617703
  },
  "max_diff": {
    "r": 255,
    "g": 255,
    "b": 255
  }
}