{
  "total_pixels": 1397124,
  "diff_percentage": 0.44225380044492146,
  "changed_pixels": 20240,
  "changed_percentage": 1.44869030952156,
  "mean_diff": {
    "r": 1.127716652208394,
    "g": 1.1277760599631814,
    "b": 1.1277488612320739
  },
  "max_diff": {
    "r": 255,
    "g": 255,
    "b": 255
  }
}