{
  "total_pixels": 17727088,
  "diff_percentage": 0.3447251132448067,
  "changed_pixels": 72033,
  "changed_percentage": 0.40634423431530325,
  "mean_diff": {
    "r": 0.8698364897833192,
    "g": 0.8856212593969184,
    "b": 0.8816893671425335
  },
  "max_diff": {
    "r": 220,
    "g": 224,
    "b": 223
  }
}