{
  "total_pixels": 132080,
  "diff_percentage": 0.2013723114927376,
  "changed_pixels": 645,
  "changed_percentage": 0.48834039975772264,
  "mean_diff": {
    "r": 0.5080632949727438,
    "g": 0.517565112053301,
    "b": 0.5148697758933979
  },
  "max_diff": {
    "r": 142,
    "g": 145,
    "b": 144
  }
}