{
  "total_pixels": 3139984,
  "diff_percentage": 0.39236747120346677,
  "changed_pixels": 29249,
  "changed_percentage": 0.9315015617913976,
  "mean_diff": {
    "r": 1.4265165045426984,
    "g": 0.7546484313295864,
    "b": 0.8204462188342361
  },
  "max_diff": {
    "r": 208,
    "g": 165,
    "b": 153
  }
}