{
  "total_pixels": 2284040,
  "diff_percentage": 1.385199748685193,
  "changed_pixels": 170349,
  "changed_percentage": 7.458231904870318,
  "mean_diff": {
    "r": 3.7849525402357225,
    "g": 3.2138198105111995,
    "b": 3.598005726694804
  },
  "max_diff": {
    "r": 246,
    "g": 240,
    "b": 224
  }
}