{
  "total_pixels": 5470310,
  "diff_percentage": 0.26980404487238974,
  "changed_pixels": 50137,
  "changed_percentage": 0.9165294105818501,
  "mean_diff": {
    "r": 0.6880003144245939,
    "g": 0.6880003144245939,
    "b": 0.6880003144245939
  },
  "max_diff": {
    "r": 255,
    "g": 255,
    "b": 255
  }
}