{
  "total_pixels": 18317160,
  "diff_percentage": 2.9487866850723514,
  "changed_pixels": 1174604,
  "changed_percentage": 6.412587977612249,
  "mean_diff": {
    "r": 7.079981285308421,
    "g": 7.4608653306516945,
    "b": 8.017371524843371
  },
  "max_diff": {
    "r": 255,
    "g": 255,
    "b": 255
  }
}