{
  "total_pixels": 2284040,
  "diff_percentage": 0.9887927629210619,
  "changed_pixels": 18567,
  "changed_percentage": 0.8129017004956129,
  "mean_diff": {
    "r": 2.4959584770844643,
    "g": 2.4283878566049633,
    "b": 2.639918302656696
  },
  "max_diff": {
    "r": 246,
    "g": 240,
    "b": 224
  }
}