{
  "total_pixels": 334950,
  "diff_percentage": 13.486976009491222,
  "changed_pixels": 57921,
  "changed_percentage": 17.29243170622481,
  "mean_diff": {
    "r": 34.0281683833408,
    "g": 34.65097477235408,
    "b": 34.496223316912975
  },
  "max_diff": {
    "r": 220,
    "g": 224,
    "b": 223
  }
}