{
  "original": {
    "total_pixels": 1146880,
    "diff_percentage": 0.30009339347718256,
    "changed_pixels": 2962,
    "changed_percentage": 0.25826590401785715,
    "mean_diff": {
      "r": 0.7446707589285714,
      "g": 0.6633954729352679,
      "b": 0.8876482282366072
    },
    "max_diff": {
      "r": 211,
      "g": 211,
      "b": 211
    }
  },
  "processed": {
    "total_pixels": 1146880,
    "changed_pixels": 17,
    "changed_percentage": 0.0014822823660714285,
    "diff_percentage": 0.0004912446749533146,
    "processing_applied": {
      "threshold": 40,
      "morphology_kernel": 4,
      "blur_kernel": 0
    }
  },
  "note": "The \"processed\" statistics match the red highlighted areas in diff_highlight.png. \"original\" statistics are based on raw pixel differences without filtering."
}