{
  "total_pixels": 8916704,
  "diff_percentage": 1.912482635806622,
  "changed_pixels": 605930,
  "changed_percentage": 6.795448183544053,
  "mean_diff": {
    "r": 4.557681964097945,
    "g": 4.920447286351549,
    "b": 5.152362913471166
  },
  "max_diff": {
    "r": 222,
    "g": 252,
    "b": 249
  }
}