{
  "total_pixels": 4272489,
  "diff_percentage": 0.08990308334100401,
  "changed_pixels": 26725,
  "changed_percentage": 0.6255136057693771,
  "mean_diff": {
    "r": 0.10997664359112452,
    "g": 0.13817730133418718,
    "b": 0.43960464263336896
  },
  "max_diff": {
    "r": 61,
    "g": 73,
    "b": 174
  }
}