{
  "total_pixels": 4709976,
  "diff_percentage": 0.42746056871793897,
  "changed_pixels": 97035,
  "changed_percentage": 2.060201580644997,
  "mean_diff": {
    "r": 0.6697318627525916,
    "g": 0.982194601416228,
    "b": 1.6181468865234132
  },
  "max_diff": {
    "r": 60,
    "g": 88,
    "b": 145
  }
}