{
  "total_pixels": 2176714,
  "diff_percentage": 4.430210120464546,
  "changed_pixels": 133954,
  "changed_percentage": 6.1539549982220905,
  "mean_diff": {
    "r": 11.29703580718459,
    "g": 11.29703580718459,
    "b": 11.29703580718459
  },
  "max_diff": {
    "r": 255,
    "g": 255,
    "b": 255
  }
}