{
  "total_pixels": 8095638,
  "diff_percentage": 5.415105887079444,
  "changed_pixels": 1231149,
  "changed_percentage": 15.207559923010392,
  "mean_diff": {
    "r": 9.754187007867694,
    "g": 12.558908389925538,
    "b": 19.11246463836451
  },
  "max_diff": {
    "r": 220,
    "g": 224,
    "b": 223
  }
}