{
  "total_pixels": 314530,
  "diff_percentage": 0.2354279411401055,
  "changed_pixels": 4097,
  "changed_percentage": 1.3025784503862907,
  "mean_diff": {
    "r": 0.5343750993545926,
    "g": 0.6254792865545417,
    "b": 0.6411693638126729
  },
  "max_diff": {
    "r": 255,
    "g": 255,
    "b": 255
  }
}