{
  "total_pixels": 87616,
  "diff_percentage": 8.550491568675193,
  "changed_pixels": 13506,
  "changed_percentage": 15.4149926953981,
  "mean_diff": {
    "r": 22.263833089846603,
    "g": 18.563926680058437,
    "b": 24.58350073046019
  },
  "max_diff": {
    "r": 255,
    "g": 255,
    "b": 255
  }
}