{
  "total_pixels": 4503640,
  "diff_percentage": 0.018263861278687978,
  "changed_pixels": 4432,
  "changed_percentage": 0.09840928671030545,
  "mean_diff": {
    "r": 0.010870318231474985,
    "g": 0.05955049693137107,
    "b": 0.06929772361911699
  },
  "max_diff": {
    "r": 35,
    "g": 200,
    "b": 233
  }
}