{
  "total_pixels": 56169,
  "diff_percentage": 1.837300760298897,
  "changed_pixels": 2287,
  "changed_percentage": 4.071640940732432,
  "mean_diff": {
    "r": 3.6039452366963984,
    "g": 5.867578201499048,
    "b": 4.583827378091118
  },
  "max_diff": {
    "r": 168,
    "g": 235,
    "b": 168
  }
}