{
  "total_pixels": 8916704,
  "diff_percentage": 0.618234112990102,
  "changed_pixels": 93535,
  "changed_percentage": 1.04898626218836,
  "mean_diff": {
    "r": 1.3722349648479977,
    "g": 1.6182658973539998,
    "b": 1.7389901021722824
  },
  "max_diff": {
    "r": 220,
    "g": 251,
    "b": 249
  }
}