{
  "total_pixels": 56169,
  "diff_percentage": 0.3187439586206752,
  "changed_pixels": 743,
  "changed_percentage": 1.3227937118339297,
  "mean_diff": {
    "r": 0.8125656500916876,
    "g": 0.8130819491178408,
    "b": 0.812743684238637
  },
  "max_diff": {
    "r": 201,
    "g": 201,
    "b": 201
  }
}