{
  "total_pixels": 4709976,
  "diff_percentage": 1.7773237116587837,
  "changed_pixels": 129190,
  "changed_percentage": 2.74290145002862,
  "mean_diff": {
    "r": 3.7079711234197372,
    "g": 4.811564857230695,
    "b": 5.076990413539262
  },
  "max_diff": {
    "r": 255,
    "g": 255,
    "b": 255
  }
}