{
  "total_pixels": 543375,
  "diff_percentage": 0.5339330708128662,
  "changed_pixels": 14616,
  "changed_percentage": 2.689855072463768,
  "mean_diff": {
    "r": 1.287768115942029,
    "g": 1.3766478030825857,
    "b": 1.4201720726938118
  },
  "max_diff": {
    "r": 159,
    "g": 174,
    "b": 181
  }
}