{
  "total_pixels": 2094504,
  "diff_percentage": 0.7365615492312791,
  "changed_pixels": 35368,
  "changed_percentage": 1.6886098092913644,
  "mean_diff": {
    "r": 2.068218060218553,
    "g": 1.916936420269429,
    "b": 1.6495413711313036
  },
  "max_diff": {
    "r": 255,
    "g": 255,
    "b": 255
  }
}