{
  "total_pixels": 4503640,
  "diff_percentage": 0.267162457348226,
  "changed_pixels": 30608,
  "changed_percentage": 0.679628034212326,
  "mean_diff": {
    "r": 0.9649396932259239,
    "g": 0.7016724249718006,
    "b": 0.3771806805162047
  },
  "max_diff": {
    "r": 255,
    "g": 255,
    "b": 255
  }
}