{
  "total_pixels": 977514,
  "diff_percentage": 0.593104254689243,
  "changed_pixels": 21133,
  "changed_percentage": 2.161912770558785,
  "mean_diff": {
    "r": 1.471887870659653,
    "g": 1.5268630423707485,
    "b": 1.538496635342307
  },
  "max_diff": {
    "r": 220,
    "g": 224,
    "b": 223
  }
}