{
  "total_pixels": 3139984,
  "diff_percentage": 0.2983254866591552,
  "changed_pixels": 43063,
  "changed_percentage": 1.3714401092489643,
  "mean_diff": {
    "r": 0.723176296439727,
    "g": 0.8000782806536594,
    "b": 0.7589353958491508
  },
  "max_diff": {
    "r": 220,
    "g": 224,
    "b": 223
  }
}