{
  "total_pixels": 543375,
  "diff_percentage": 1.9967163591147679,
  "changed_pixels": 17504,
  "changed_percentage": 3.221348056130665,
  "mean_diff": {
    "r": 5.09130526800092,
    "g": 5.091809523809524,
    "b": 5.09176535541753
  },
  "max_diff": {
    "r": 255,
    "g": 255,
    "b": 255
  }
}