{
  "total_pixels": 4901512,
  "diff_percentage": 1.8943348434769234,
  "changed_pixels": 248427,
  "changed_percentage": 5.068374819851507,
  "mean_diff": {
    "r": 4.9068858752156475,
    "g": 4.772907829257584,
    "b": 4.811867848125232
  },
  "max_diff": {
    "r": 250,
    "g": 250,
    "b": 250
  }
}