{
  "total_pixels": 8916704,
  "diff_percentage": 1.0450505044321192,
  "changed_pixels": 92218,
  "changed_percentage": 1.0342162305712963,
  "mean_diff": {
    "r": 2.507461950065854,
    "g": 2.462787707206609,
    "b": 3.024386701633249
  },
  "max_diff": {
    "r": 230,
    "g": 251,
    "b": 255
  }
}