{
  "total_pixels": 4709976,
  "diff_percentage": 2.14875216160573,
  "changed_pixels": 173369,
  "changed_percentage": 3.6808892444462558,
  "mean_diff": {
    "r": 5.404957052859717,
    "g": 5.50555714084318,
    "b": 5.527439842580939
  },
  "max_diff": {
    "r": 255,
    "g": 255,
    "b": 255
  }
}