{
  "total_pixels": 50625,
  "diff_percentage": 0.08979004276607762,
  "changed_pixels": 0,
  "changed_percentage": 0.0,
  "mean_diff": {
    "r": 0.1818469135802469,
    "g": 0.2176,
    "b": 0.28744691358024693
  },
  "max_diff": {
    "r": 19,
    "g": 26,
    "b": 33
  }
}