{
  "total_pixels": 881790,
  "diff_percentage": 1.3791931103896138,
  "changed_pixels": 78486,
  "changed_percentage": 8.900758684040417,
  "mean_diff": {
    "r": 2.306054729584141,
    "g": 4.097350843171276,
    "b": 4.147421721725127
  },
  "max_diff": {
    "r": 239,
    "g": 182,
    "b": 243
  }
}