{
  "total_pixels": 56169,
  "diff_percentage": 0.08251940892197765,
  "changed_pixels": 0,
  "changed_percentage": 0.0,
  "mean_diff": {
    "r": 0.20044864605031246,
    "g": 0.22024604319108404,
    "b": 0.21057878901173244
  },
  "max_diff": {
    "r": 35,
    "g": 35,
    "b": 35
  }
}