{
  "total_pixels": 977514,
  "diff_percentage": 0.41227432197250113,
  "changed_pixels": 8776,
  "changed_percentage": 0.8977876531691618,
  "mean_diff": {
    "r": 1.0366828505780992,
    "g": 1.0510038730903086,
    "b": 1.0662118394212257
  },
  "max_diff": {
    "r": 255,
    "g": 255,
    "b": 255
  }
}