{
  "total_pixels": 2181529,
  "diff_percentage": 0.04657032283500314,
  "changed_pixels": 2408,
  "changed_percentage": 0.11038129678771175,
  "mean_diff": {
    "r": 0.11875432322925801,
    "g": 0.11875432322925801,
    "b": 0.11875432322925801
  },
  "max_diff": {
    "r": 255,
    "g": 255,
    "b": 255
  }
}