{
  "total_pixels": 80656,
  "diff_percentage": 0.31534067703653573,
  "changed_pixels": 379,
  "changed_percentage": 0.4698968458639159,
  "mean_diff": {
    "r": 0.8041187264431661,
    "g": 0.8041187264431661,
    "b": 0.8041187264431661
  },
  "max_diff": {
    "r": 83,
    "g": 83,
    "b": 83
  }
}