{
  "total_pixels": 314530,
  "diff_percentage": 1.1204700280052673,
  "changed_pixels": 5516,
  "changed_percentage": 1.753727784313102,
  "mean_diff": {
    "r": 2.844876482370521,
    "g": 2.8382602613423202,
    "b": 2.8884589705274535
  },
  "max_diff": {
    "r": 255,
    "g": 255,
    "b": 255
  }
}