{
  "total_pixels": 4272489,
  "diff_percentage": 0.6295947400466543,
  "changed_pixels": 540526,
  "changed_percentage": 12.651314023277765,
  "mean_diff": {
    "r": 0.3846069586135857,
    "g": 1.6476290518243581,
    "b": 2.7841637509189607
  },
  "max_diff": {
    "r": 3,
    "g": 13,
    "b": 22
  }
}