{
  "total_pixels": 2284040,
  "diff_percentage": 4.936923829384763,
  "changed_pixels": 194467,
  "changed_percentage": 8.514167877970614,
  "mean_diff": {
    "r": 9.87311999789846,
    "g": 14.65949720670391,
    "b": 13.234850090191065
  },
  "max_diff": {
    "r": 255,
    "g": 255,
    "b": 255
  }
}