{
  "total_pixels": 2094504,
  "diff_percentage": 0.7410564128380909,
  "changed_pixels": 34576,
  "changed_percentage": 1.6507965609041566,
  "mean_diff": {
    "r": 2.075220195330255,
    "g": 1.9292944773559755,
    "b": 1.664566885525165
  },
  "max_diff": {
    "r": 255,
    "g": 255,
    "b": 255
  }
}