{
  "total_pixels": 3139984,
  "diff_percentage": 0.011839825535766436,
  "changed_pixels": 0,
  "changed_percentage": 0.0,
  "mean_diff": {
    "r": 0.007191756391115369,
    "g": 0.030988055990094215,
    "b": 0.052394852967403656
  },
  "max_diff": {
    "r": 3,
    "g": 13,
    "b": 22
  }
}