{
  "total_pixels": 334950,
  "diff_percentage": 0.1520984011856223,
  "changed_pixels": 1157,
  "changed_percentage": 0.34542469025227646,
  "mean_diff": {
    "r": 0.38373488580385134,
    "g": 0.39081653978205705,
    "b": 0.3890013434841021
  },
  "max_diff": {
    "r": 142,
    "g": 145,
    "b": 144
  }
}