{
  "total_pixels": 977514,
  "diff_percentage": 0.06447474646937174,
  "changed_pixels": 827,
  "changed_percentage": 0.08460236886632826,
  "mean_diff": {
    "r": 0.16243654822335024,
    "g": 0.1658206429780034,
    "b": 0.1649746192893401
  },
  "max_diff": {
    "r": 192,
    "g": 196,
    "b": 195
  }
}