{
  "total_pixels": 6279968,
  "diff_percentage": 0.6412802336580742,
  "changed_pixels": 59648,
  "changed_percentage": 0.9498137570127746,
  "mean_diff": {
    "r": 1.5900012547834639,
    "g": 1.7362883059276735,
    "b": 1.57950422677313
  },
  "max_diff": {
    "r": 255,
    "g": 255,
    "b": 255
  }
}