{
  "total_pixels": 12420,
  "diff_percentage": 0.39691410649069075,
  "changed_pixels": 640,
  "changed_percentage": 5.152979066022544,
  "mean_diff": {
    "r": 0.4356682769726248,
    "g": 1.0049919484702095,
    "b": 1.59573268921095
  },
  "max_diff": {
    "r": 30,
    "g": 62,
    "b": 73
  }
}