{
  "total_pixels": 35304116,
  "diff_percentage": 0.3723591452485693,
  "changed_pixels": 335414,
  "changed_percentage": 0.9500705243547239,
  "mean_diff": {
    "r": 1.0957056678603707,
    "g": 0.9763915912807447,
    "b": 0.7764502020104398
  },
  "max_diff": {
    "r": 220,
    "g": 224,
    "b": 223
  }
}