{
  "total_pixels": 5792920,
  "diff_percentage": 0.20022460141676662,
  "changed_pixels": 38612,
  "changed_percentage": 0.6665377736961671,
  "mean_diff": {
    "r": 0.5051556037369754,
    "g": 0.5144391774787154,
    "b": 0.5121234196225738
  },
  "max_diff": {
    "r": 220,
    "g": 224,
    "b": 223
  }
}