{
  "total_pixels": 2176714,
  "diff_percentage": 1.4747718815182838,
  "changed_pixels": 65455,
  "changed_percentage": 3.0070555892965265,
  "mean_diff": {
    "r": 3.6952158161338606,
    "g": 3.8430197995694426,
    "b": 3.7437692779115674
  },
  "max_diff": {
    "r": 255,
    "g": 255,
    "b": 255
  }
}