{
  "total_pixels": 3139984,
  "diff_percentage": 0.7764424477147329,
  "changed_pixels": 58631,
  "changed_percentage": 1.8672388139557399,
  "mean_diff": {
    "r": 1.979928241672569,
    "g": 1.979928241672569,
    "b": 1.979928241672569
  },
  "max_diff": {
    "r": 255,
    "g": 255,
    "b": 255
  }
}