{
  "total_pixels": 2284040,
  "diff_percentage": 0.03205225278496891,
  "changed_pixels": 1609,
  "changed_percentage": 0.07044535121976848,
  "mean_diff": {
    "r": 0.08088080769163412,
    "g": 0.08234400448328401,
    "b": 0.08197492163009404
  },
  "max_diff": {
    "r": 192,
    "g": 196,
    "b": 195
  }
}