{
  "total_pixels": 314530,
  "diff_percentage": 11.222000914737604,
  "changed_pixels": 42764,
  "changed_percentage": 13.596159348869744,
  "mean_diff": {
    "r": 30.462121260293134,
    "g": 28.76212761898706,
    "b": 26.624058118462468
  },
  "max_diff": {
    "r": 255,
    "g": 255,
    "b": 255
  }
}