{
  "total_pixels": 872907,
  "diff_percentage": 0.399711815611589,
  "changed_pixels": 9277,
  "changed_percentage": 1.0627707189883917,
  "mean_diff": {
    "r": 1.316906612044582,
    "g": 0.9492614906284403,
    "b": 0.7916272867556338
  },
  "max_diff": {
    "r": 223,
    "g": 223,
    "b": 223
  }
}