{
  "total_pixels": 8095638,
  "diff_percentage": 0.16591873787040456,
  "changed_pixels": 45693,
  "changed_percentage": 0.5644150590725524,
  "mean_diff": {
    "r": 0.27077038276662074,
    "g": 0.3534021654624379,
    "b": 0.6451057964795363
  },
  "max_diff": {
    "r": 220,
    "g": 133,
    "b": 108
  }
}