{
  "total_pixels": 8916704,
  "diff_percentage": 0.19760581365262408,
  "changed_pixels": 42980,
  "changed_percentage": 0.48201667342551685,
  "mean_diff": {
    "r": 0.5037562085721361,
    "g": 0.5039681703014925,
    "b": 0.5039600955689456
  },
  "max_diff": {
    "r": 255,
    "g": 255,
    "b": 255
  }
}