{
  "total_pixels": 559086,
  "diff_percentage": 0.5234105366043397,
  "changed_pixels": 11195,
  "changed_percentage": 2.0023753054091857,
  "mean_diff": {
    "r": 1.326790511656525,
    "g": 1.3404681927288467,
    "b": 1.3368319006378266
  },
  "max_diff": {
    "r": 223,
    "g": 223,
    "b": 223
  }
}