{
  "total_pixels": 80656,
  "diff_percentage": 0.1473878250632396,
  "changed_pixels": 103,
  "changed_percentage": 0.1277028367387423,
  "mean_diff": {
    "r": 0.3714788732394366,
    "g": 0.37902945844078556,
    "b": 0.3770085300535608
  },
  "max_diff": {
    "r": 107,
    "g": 109,
    "b": 109
  }
}