{
  "total_pixels": 37672720,
  "diff_percentage": 0.668357607828897,
  "changed_pixels": 511702,
  "changed_percentage": 1.3582825981240536,
  "mean_diff": {
    "r": 1.8141443463599125,
    "g": 1.6496834579504744,
    "b": 1.6491078955806748
  },
  "max_diff": {
    "r": 255,
    "g": 224,
    "b": 223
  }
}