{
  "total_pixels": 4503640,
  "diff_percentage": 0.35448885703085314,
  "changed_pixels": 30108,
  "changed_percentage": 0.6685259034913981,
  "mean_diff": {
    "r": 0.9029267437006511,
    "g": 0.904491700047073,
    "b": 0.9044213125383024
  },
  "max_diff": {
    "r": 255,
    "g": 255,
    "b": 255
  }
}