{
  "total_pixels": 314530,
  "diff_percentage": 11.540942611956131,
  "changed_pixels": 42258,
  "changed_percentage": 13.435284392585764,
  "mean_diff": {
    "r": 29.35584205004292,
    "g": 29.48202079292913,
    "b": 29.450348138492355
  },
  "max_diff": {
    "r": 255,
    "g": 255,
    "b": 255
  }
}