{
  "total_pixels": 106074,
  "diff_percentage": 0.15747546323869843,
  "changed_pixels": 248,
  "changed_percentage": 0.23379904594905443,
  "mean_diff": {
    "r": 0.3976657804928635,
    "g": 0.4046797518713351,
    "b": 0.4023417614118446
  },
  "max_diff": {
    "r": 142,
    "g": 145,
    "b": 144
  }
}