{
  "total_pixels": 196249,
  "diff_percentage": 1.0295990184804906,
  "changed_pixels": 2665,
  "changed_percentage": 1.3579687030252383,
  "mean_diff": {
    "r": 2.528812885670755,
    "g": 2.5601200515671416,
    "b": 2.7874995541378556
  },
  "max_diff": {
    "r": 255,
    "g": 255,
    "b": 255
  }
}