{
  "total_pixels": 977514,
  "diff_percentage": 0.5111536707208754,
  "changed_pixels": 26977,
  "changed_percentage": 2.7597558705041565,
  "mean_diff": {
    "r": 0.8913601237424732,
    "g": 1.5476678594884574,
    "b": 1.4712975977837657
  },
  "max_diff": {
    "r": 146,
    "g": 172,
    "b": 177
  }
}