{
  "original": {
    "total_pixels": 1146880,
    "diff_percentage": 0.2559359681372549,
    "changed_pixels": 5962,
    "changed_percentage": 0.5198451450892858,
    "mean_diff": {
      "r": 0.6524361746651786,
      "g": 0.6530378069196429,
      "b": 0.6524361746651786
    },
    "max_diff": {
      "r": 255,
      "g": 255,
      "b": 255
    }
  },
  "processed": {
    "total_pixels": 1146880,
    "changed_pixels": 89,
    "changed_percentage": 0.007760184151785714,
    "diff_percentage": 0.004110384388130252,
    "processing_applied": {
      "threshold": 40,
      "morphology_kernel": 4,
      "blur_kernel": 0
    }
  },
  "note": "The \"processed\" statistics match the red highlighted areas in diff_highlight.png. \"original\" statistics are based on raw pixel differences without filtering."
}