{
  "total_pixels": 543375,
  "diff_percentage": 1.7744567284777573,
  "changed_pixels": 54322,
  "changed_percentage": 9.997147458017023,
  "mean_diff": {
    "r": 5.2598389694041865,
    "g": 4.501854152288935,
    "b": 3.8129008511617206
  },
  "max_diff": {
    "r": 255,
    "g": 255,
    "b": 255
  }
}