{
  "total_pixels": 80656,
  "diff_percentage": 0.4976885616377081,
  "changed_pixels": 1052,
  "changed_percentage": 1.3043047014481253,
  "mean_diff": {
    "r": 1.2691306288434834,
    "g": 1.2690190438405078,
    "b": 1.2691678238444752
  },
  "max_diff": {
    "r": 87,
    "g": 87,
    "b": 87
  }
}