{
  "total_pixels": 126025,
  "diff_percentage": 1.400411008812703,
  "changed_pixels": 4505,
  "changed_percentage": 3.5746875619916683,
  "mean_diff": {
    "r": 3.5875421543344577,
    "g": 3.561594921642531,
    "b": 3.5640071414401904
  },
  "max_diff": {
    "r": 219,
    "g": 222,
    "b": 223
  }
}