{
  "total_pixels": 2176714,
  "diff_percentage": 2.63457724646903,
  "changed_pixels": 78585,
  "changed_percentage": 3.610258398668819,
  "mean_diff": {
    "r": 6.718171978496026,
    "g": 6.718171978496026,
    "b": 6.718171978496026
  },
  "max_diff": {
    "r": 255,
    "g": 255,
    "b": 255
  }
}