{
  "total_pixels": 4503640,
  "diff_percentage": 0.2738521514303927,
  "changed_pixels": 58126,
  "changed_percentage": 1.2906449005693172,
  "mean_diff": {
    "r": 0.24867640397545096,
    "g": 1.0318728850440977,
    "b": 0.8144196694229556
  },
  "max_diff": {
    "r": 221,
    "g": 232,
    "b": 235
  }
}