{
  "total_pixels": 4503640,
  "diff_percentage": 5.138583674625893,
  "changed_pixels": 422141,
  "changed_percentage": 9.3733291293265,
  "mean_diff": {
    "r": 6.908083017292679,
    "g": 16.17880558836852,
    "b": 16.223276505226885
  },
  "max_diff": {
    "r": 221,
    "g": 232,
    "b": 235
  }
}