{
  "total_pixels": 881790,
  "diff_percentage": 0.8728036635521611,
  "changed_pixels": 19736,
  "changed_percentage": 2.238174622075551,
  "mean_diff": {
    "r": 1.8097041245648058,
    "g": 2.6121945134329034,
    "b": 2.255049388176323
  },
  "max_diff": {
    "r": 166,
    "g": 166,
    "b": 166
  }
}