{
  "total_pixels": 4503640,
  "diff_percentage": 0.4214634111794422,
  "changed_pixels": 70939,
  "changed_percentage": 1.5751481024238172,
  "mean_diff": {
    "r": 1.764047970086419,
    "g": 1.0086243571866313,
    "b": 0.45152276824968246
  },
  "max_diff": {
    "r": 238,
    "g": 149,
    "b": 171
  }
}