{
  "total_pixels": 18317160,
  "diff_percentage": 1.6385871289205904,
  "changed_pixels": 5841929,
  "changed_percentage": 31.89320287642844,
  "mean_diff": {
    "r": 2.649998580565983,
    "g": 4.154511507242389,
    "b": 5.7306814484341455
  },
  "max_diff": {
    "r": 59,
    "g": 83,
    "b": 86
  }
}