{
  "total_pixels": 502681,
  "diff_percentage": 0.47180014227763023,
  "changed_pixels": 4819,
  "changed_percentage": 0.9586596668662631,
  "mean_diff": {
    "r": 1.2331697438335645,
    "g": 1.225240261716675,
    "b": 1.1508610828736316
  },
  "max_diff": {
    "r": 244,
    "g": 244,
    "b": 244
  }
}