{
  "total_pixels": 4272489,
  "diff_percentage": 0.0006041082262901056,
  "changed_pixels": 0,
  "changed_percentage": 0.0,
  "mean_diff": {
    "r": 0.001397780076203824,
    "g": 0.0015700450018712746,
    "b": 0.0016536028530442092
  },
  "max_diff": {
    "r": 10,
    "g": 15,
    "b": 16
  }
}