{
  "total_pixels": 3908402,
  "diff_percentage": 1.1660664230212965,
  "changed_pixels": 303972,
  "changed_percentage": 7.777398537816735,
  "mean_diff": {
    "r": 3.135437705742654,
    "g": 2.8576103481678703,
    "b": 2.9273600822023935
  },
  "max_diff": {
    "r": 255,
    "g": 255,
    "b": 255
  }
}