{
  "total_pixels": 35304116,
  "diff_percentage": 2.049319795766864,
  "changed_pixels": 2859554,
  "changed_percentage": 8.099775108375464,
  "mean_diff": {
    "r": 6.191156294637146,
    "g": 4.360679417663368,
    "b": 5.125460725315994
  },
  "max_diff": {
    "r": 255,
    "g": 255,
    "b": 255
  }
}