{
  "total_pixels": 8916704,
  "diff_percentage": 0.37580319839628423,
  "changed_pixels": 83887,
  "changed_percentage": 0.94078484605971,
  "mean_diff": {
    "r": 1.1202440946789307,
    "g": 0.973834165628914,
    "b": 0.7808162074237297
  },
  "max_diff": {
    "r": 255,
    "g": 221,
    "b": 255
  }
}