{
  "total_pixels": 188650,
  "diff_percentage": 1.248829921579021,
  "changed_pixels": 3592,
  "changed_percentage": 1.9040551285449243,
  "mean_diff": {
    "r": 3.363249403657567,
    "g": 3.1059104161144977,
    "b": 3.0843890803074476
  },
  "max_diff": {
    "r": 255,
    "g": 255,
    "b": 255
  }
}