{
  "total_pixels": 3908402,
  "diff_percentage": 1.1651030886357303,
  "changed_pixels": 303674,
  "changed_percentage": 7.769773938300103,
  "mean_diff": {
    "r": 3.13298120305946,
    "g": 2.8551538454846765,
    "b": 2.9249035795191998
  },
  "max_diff": {
    "r": 255,
    "g": 255,
    "b": 255
  }
}