{
  "total_pixels": 126025,
  "diff_percentage": 7.602215039292183,
  "changed_pixels": 17180,
  "changed_percentage": 13.632215830192424,
  "mean_diff": {
    "r": 6.988240428486411,
    "g": 25.426272564967267,
    "b": 25.74243205713152
  },
  "max_diff": {
    "r": 65,
    "g": 241,
    "b": 244
  }
}