{
  "total_pixels": 5792920,
  "diff_percentage": 0.21714728716175918,
  "changed_pixels": 68848,
  "changed_percentage": 1.1884852544140088,
  "mean_diff": {
    "r": 0.6006440620619653,
    "g": 0.7204812080953992,
    "b": 0.3400514766300933
  },
  "max_diff": {
    "r": 181,
    "g": 212,
    "b": 138
  }
}