{
  "total_pixels": 126025,
  "diff_percentage": 9.321224521019147,
  "changed_pixels": 15957,
  "changed_percentage": 12.661773457647293,
  "mean_diff": {
    "r": 24.240944257091847,
    "g": 24.654854195596112,
    "b": 22.41156913310851
  },
  "max_diff": {
    "r": 255,
    "g": 255,
    "b": 255
  }
}