{
  "total_pixels": 37672720,
  "diff_percentage": 3.0146334699055197,
  "changed_pixels": 2487744,
  "changed_percentage": 6.6035688423878085,
  "mean_diff": {
    "r": 8.115555739006899,
    "g": 5.3933340624197035,
    "b": 9.553056243350627
  },
  "max_diff": {
    "r": 219,
    "g": 211,
    "b": 236
  }
}