{
  "total_pixels": 18317160,
  "diff_percentage": 1.421073024463635,
  "changed_pixels": 308143,
  "changed_percentage": 1.6822640627695558,
  "mean_diff": {
    "r": 3.6232903463200627,
    "g": 3.623992638596813,
    "b": 3.623925652229931
  },
  "max_diff": {
    "r": 255,
    "g": 255,
    "b": 255
  }
}