{
  "total_pixels": 21262839,
  "diff_percentage": 1.5413032202436479,
  "changed_pixels": 1460296,
  "changed_percentage": 6.867831713347404,
  "mean_diff": {
    "r": 3.870697793460224,
    "g": 3.966769536278763,
    "b": 3.9535023051249176
  },
  "max_diff": {
    "r": 255,
    "g": 255,
    "b": 255
  }
}