{
  "total_pixels": 4709976,
  "diff_percentage": 0.8913952141920632,
  "changed_pixels": 66779,
  "changed_percentage": 1.4178203880444402,
  "mean_diff": {
    "r": 2.252127824005897,
    "g": 2.2836245874713588,
    "b": 2.2834209770920277
  },
  "max_diff": {
    "r": 255,
    "g": 255,
    "b": 255
  }
}