{
  "original": {
    "total_pixels": 1130240,
    "diff_percentage": 0.31589496406339057,
    "changed_pixels": 4716,
    "changed_percentage": 0.41725651189127977,
    "mean_diff": {
      "r": 0.8076647437712344,
      "g": 0.7954230959796149,
      "b": 0.8135086353340883
    },
    "max_diff": {
      "r": 246,
      "g": 246,
      "b": 246
    }
  },
  "processed": {
    "total_pixels": 1130240,
    "changed_pixels": 37,
    "changed_percentage": 0.0032736409966024915,
    "diff_percentage": 0.001452754091444052,
    "processing_applied": {
      "threshold": 40,
      "morphology_kernel": 4,
      "blur_kernel": 0
    }
  },
  "note": "The \"processed\" statistics match the red highlighted areas in diff_highlight.png. \"original\" statistics are based on raw pixel differences without filtering."
}