{
  "total_pixels": 543375,
  "diff_percentage": 0.5390208557926659,
  "changed_pixels": 7400,
  "changed_percentage": 1.361858753163101,
  "mean_diff": {
    "r": 1.299756153669197,
    "g": 1.3898044628479411,
    "b": 1.4339489302967563
  },
  "max_diff": {
    "r": 159,
    "g": 174,
    "b": 181
  }
}