{
  "total_pixels": 2094504,
  "diff_percentage": 0.7761557424524099,
  "changed_pixels": 28168,
  "changed_percentage": 1.3448530057712949,
  "mean_diff": {
    "r": 2.1691832529324366,
    "g": 2.0179016129833127,
    "b": 1.7505065638451873
  },
  "max_diff": {
    "r": 255,
    "g": 255,
    "b": 255
  }
}