{
  "total_pixels": 6726322,
  "diff_percentage": 2.0300862964406194,
  "changed_pixels": 216376,
  "changed_percentage": 3.216854619805594,
  "mean_diff": {
    "r": 5.176720055923579,
    "g": 5.176720055923579,
    "b": 5.176720055923579
  },
  "max_diff": {
    "r": 255,
    "g": 255,
    "b": 255
  }
}