{
  "total_pixels": 4503640,
  "diff_percentage": 4.534834045349983,
  "changed_pixels": 232043,
  "changed_percentage": 5.152343437752573,
  "mean_diff": {
    "r": 11.846010782389357,
    "g": 11.257776154399552,
    "b": 11.587693510138466
  },
  "max_diff": {
    "r": 255,
    "g": 255,
    "b": 255
  }
}