{
  "total_pixels": 4901512,
  "diff_percentage": 2.748529046664614,
  "changed_pixels": 346229,
  "changed_percentage": 7.063718297537576,
  "mean_diff": {
    "r": 7.0482314436851325,
    "g": 6.97687815514886,
    "b": 7.001137608150302
  },
  "max_diff": {
    "r": 250,
    "g": 250,
    "b": 250
  }
}