{
  "total_pixels": 543375,
  "diff_percentage": 1.8163007468150976,
  "changed_pixels": 54842,
  "changed_percentage": 10.092845640671728,
  "mean_diff": {
    "r": 5.367401886358408,
    "g": 4.608988267770877,
    "b": 3.918310559006211
  },
  "max_diff": {
    "r": 255,
    "g": 255,
    "b": 255
  }
}