{
  "total_pixels": 1397124,
  "diff_percentage": 0.12890177586662482,
  "changed_pixels": 2363,
  "changed_percentage": 0.16913316212447857,
  "mean_diff": {
    "r": 0.32475356518104337,
    "g": 0.3315181759099407,
    "b": 0.3298268442886959
  },
  "max_diff": {
    "r": 217,
    "g": 220,
    "b": 219
  }
}