{
  "total_pixels": 4709976,
  "diff_percentage": 9.969264237040198,
  "changed_pixels": 516567,
  "changed_percentage": 10.96750811469103,
  "mean_diff": {
    "r": 25.42162380445251,
    "g": 25.42162380445251,
    "b": 25.42162380445251
  },
  "max_diff": {
    "r": 255,
    "g": 255,
    "b": 255
  }
}