{
  "total_pixels": 171396,
  "diff_percentage": 0.3703139326319495,
  "changed_pixels": 44,
  "changed_percentage": 0.02567154426007608,
  "mean_diff": {
    "r": 0.9068706387546968,
    "g": 0.9311010758710822,
    "b": 0.994929870008635
  },
  "max_diff": {
    "r": 65,
    "g": 55,
    "b": 62
  }
}