{
  "total_pixels": 87616,
  "diff_percentage": 5.406372190950887,
  "changed_pixels": 12330,
  "changed_percentage": 14.072772096420746,
  "mean_diff": {
    "r": 8.194873082542001,
    "g": 15.665163897005113,
    "b": 17.498710281227172
  },
  "max_diff": {
    "r": 220,
    "g": 224,
    "b": 225
  }
}