{
  "total_pixels": 21262839,
  "diff_percentage": 0.8713783416043791,
  "changed_pixels": 254090,
  "changed_percentage": 1.1949956447490384,
  "mean_diff": {
    "r": 2.2089021132126336,
    "g": 2.2286315105899077,
    "b": 2.228510689470959
  },
  "max_diff": {
    "r": 255,
    "g": 255,
    "b": 255
  }
}