{
  "total_pixels": 4503640,
  "diff_percentage": 0.36612180021354407,
  "changed_pixels": 31539,
  "changed_percentage": 0.700300201614694,
  "mean_diff": {
    "r": 0.9321921823236315,
    "g": 0.9343673117744757,
    "b": 0.9342722775355046
  },
  "max_diff": {
    "r": 255,
    "g": 255,
    "b": 255
  }
}