{
  "total_pixels": 37672720,
  "diff_percentage": 0.6695287748099812,
  "changed_pixels": 430955,
  "changed_percentage": 1.143944477595459,
  "mean_diff": {
    "r": 1.819305773514628,
    "g": 1.6515399206640773,
    "b": 1.6510494331176513
  },
  "max_diff": {
    "r": 255,
    "g": 249,
    "b": 248
  }
}