{
  "total_pixels": 87616,
  "diff_percentage": 11.847853915123391,
  "changed_pixels": 18837,
  "changed_percentage": 21.49949780861943,
  "mean_diff": {
    "r": 37.926851260043826,
    "g": 20.124840211833455,
    "b": 32.58439097881666
  },
  "max_diff": {
    "r": 254,
    "g": 236,
    "b": 233
  }
}