{
  "total_pixels": 12464130,
  "diff_percentage": 0.036137540809984145,
  "changed_pixels": 28622,
  "changed_percentage": 0.22963496048260088,
  "mean_diff": {
    "r": 0.09118149441637724,
    "g": 0.09284049508469504,
    "b": 0.09243019769530646
  },
  "max_diff": {
    "r": 220,
    "g": 224,
    "b": 223
  }
}