{
  "total_pixels": 4140234,
  "diff_percentage": 1.4077667884396456,
  "changed_pixels": 88606,
  "changed_percentage": 2.140120582556445,
  "mean_diff": {
    "r": 3.5279481787744364,
    "g": 3.637569760549766,
    "b": 3.603897992239086
  },
  "max_diff": {
    "r": 220,
    "g": 224,
    "b": 223
  }
}