{
  "total_pixels": 14246518,
  "diff_percentage": 0.06022690317246073,
  "changed_pixels": 16615,
  "changed_percentage": 0.11662498864634854,
  "mean_diff": {
    "r": 0.15194035482915896,
    "g": 0.1547725556518442,
    "b": 0.15402289878832148
  },
  "max_diff": {
    "r": 220,
    "g": 224,
    "b": 223
  }
}