{
  "total_pixels": 502681,
  "diff_percentage": 0.871550796914526,
  "changed_pixels": 10804,
  "changed_percentage": 2.149275584316893,
  "mean_diff": {
    "r": 2.20628788436404,
    "g": 2.218761003499237,
    "b": 2.242314708532847
  },
  "max_diff": {
    "r": 255,
    "g": 255,
    "b": 255
  }
}