{
  "total_pixels": 19849200,
  "diff_percentage": 0.17397563247803471,
  "changed_pixels": 53502,
  "changed_percentage": 0.26954234931382626,
  "mean_diff": {
    "r": 0.45562370271849745,
    "g": 0.43343938294742357,
    "b": 0.4418505027910445
  },
  "max_diff": {
    "r": 233,
    "g": 221,
    "b": 223
  }
}