{
  "total_pixels": 80656,
  "diff_percentage": 5.941894115313255,
  "changed_pixels": 9388,
  "changed_percentage": 11.639555643721485,
  "mean_diff": {
    "r": 15.1518299940488,
    "g": 15.1518299940488,
    "b": 15.1518299940488
  },
  "max_diff": {
    "r": 255,
    "g": 255,
    "b": 255
  }
}