{
  "total_pixels": 4503640,
  "diff_percentage": 0.7671592936037853,
  "changed_pixels": 85092,
  "changed_percentage": 1.889405014610404,
  "mean_diff": {
    "r": 2.0871745965485697,
    "g": 2.0040995727900097,
    "b": 1.777494426730378
  },
  "max_diff": {
    "r": 255,
    "g": 255,
    "b": 255
  }
}