{
  "total_pixels": 171396,
  "diff_percentage": 0.2571455896881846,
  "changed_pixels": 1322,
  "changed_percentage": 0.7713132161777404,
  "mean_diff": {
    "r": 0.9885761628042662,
    "g": 0.5780239912249994,
    "b": 0.4005636070853462
  },
  "max_diff": {
    "r": 202,
    "g": 106,
    "b": 71
  }
}