{
  "total_pixels": 171396,
  "diff_percentage": 0.2571455896881846,
  "changed_pixels": 3671,
  "changed_percentage": 2.1418236131531656,
  "mean_diff": {
    "r": 0.9885761628042662,
    "g": 0.5780239912249994,
    "b": 0.4005636070853462
  },
  "max_diff": {
    "r": 202,
    "g": 106,
    "b": 71
  }
}