{
  "total_pixels": 237600,
  "diff_percentage": 0.24863944455447723,
  "changed_pixels": 2962,
  "changed_percentage": 1.2466329966329965,
  "mean_diff": {
    "r": 0.6273611111111111,
    "g": 0.63881734006734,
    "b": 0.6359132996632997
  },
  "max_diff": {
    "r": 211,
    "g": 214,
    "b": 213
  }
}