{
  "total_pixels": 171396,
  "diff_percentage": 0.07346363129255996,
  "changed_pixels": 1273,
  "changed_percentage": 0.7427244509790193,
  "mean_diff": {
    "r": 0.18540105953464492,
    "g": 0.18869168475343648,
    "b": 0.18790403510000234
  },
  "max_diff": {
    "r": 116,
    "g": 119,
    "b": 118
  }
}