{
  "total_pixels": 186624,
  "diff_percentage": 0.570464425482127,
  "changed_pixels": 3576,
  "changed_percentage": 1.9161522633744856,
  "mean_diff": {
    "r": 1.453494727366255,
    "g": 1.455434456447188,
    "b": 1.4551236711248285
  },
  "max_diff": {
    "r": 166,
    "g": 166,
    "b": 166
  }
}