{
  "total_pixels": 126025,
  "diff_percentage": 0.02598820391741964,
  "changed_pixels": 379,
  "changed_percentage": 0.3007339813529062,
  "mean_diff": {
    "r": 0.06570918468557826,
    "g": 0.06665344177742512,
    "b": 0.0664471335052569
  },
  "max_diff": {
    "r": 77,
    "g": 78,
    "b": 78
  }
}