{
  "total_pixels": 2094504,
  "diff_percentage": 0.6375534735925998,
  "changed_pixels": 37446,
  "changed_percentage": 1.7878218423072956,
  "mean_diff": {
    "r": 1.6152955544606264,
    "g": 1.5781383086401364,
    "b": 1.6838502098826262
  },
  "max_diff": {
    "r": 255,
    "g": 255,
    "b": 255
  }
}