{
  "total_pixels": 2094504,
  "diff_percentage": 1.367886958383633,
  "changed_pixels": 77665,
  "changed_percentage": 3.708037797970307,
  "mean_diff": {
    "r": 3.7371272625881833,
    "g": 3.776056765706821,
    "b": 2.9511512033397884
  },
  "max_diff": {
    "r": 255,
    "g": 255,
    "b": 255
  }
}