{
  "total_pixels": 334950,
  "diff_percentage": 0.7452053618382218,
  "changed_pixels": 8198,
  "changed_percentage": 2.4475294820122406,
  "mean_diff": {
    "r": 1.887550380653829,
    "g": 1.8876160620988207,
    "b": 1.9256545753097478
  },
  "max_diff": {
    "r": 228,
    "g": 228,
    "b": 228
  }
}