{
  "original": {
    "total_pixels": 1146880,
    "diff_percentage": 0.7654718137254902,
    "changed_pixels": 12752,
    "changed_percentage": 1.1118861607142858,
    "mean_diff": {
      "r": 2.1225777762276787,
      "g": 1.8383257184709823,
      "b": 1.8949558803013393
    },
    "max_diff": {
      "r": 255,
      "g": 255,
      "b": 255
    }
  },
  "processed": {
    "total_pixels": 1146880,
    "changed_pixels": 110,
    "changed_percentage": 0.009591238839285714,
    "diff_percentage": 0.002646338483309991,
    "processing_applied": {
      "threshold": 40,
      "morphology_kernel": 4,
      "blur_kernel": 0
    }
  },
  "note": "The \"processed\" statistics match the red highlighted areas in diff_highlight.png. \"original\" statistics are based on raw pixel differences without filtering."
}