{
  "total_pixels": 314530,
  "diff_percentage": 0.6738989537039288,
  "changed_pixels": 7250,
  "changed_percentage": 2.305026547547134,
  "mean_diff": {
    "r": 1.716252821670429,
    "g": 1.719266842590532,
    "b": 1.7198073315740947
  },
  "max_diff": {
    "r": 244,
    "g": 244,
    "b": 244
  }
}