{
  "total_pixels": 87616,
  "diff_percentage": 4.857414051571444,
  "changed_pixels": 13040,
  "changed_percentage": 14.883126369612857,
  "mean_diff": {
    "r": 6.674602812271731,
    "g": 14.235676132213294,
    "b": 16.248938550036524
  },
  "max_diff": {
    "r": 209,
    "g": 219,
    "b": 226
  }
}