{
  "total_pixels": 4503640,
  "diff_percentage": 14.744180350151625,
  "changed_pixels": 782605,
  "changed_percentage": 17.37716602570365,
  "mean_diff": {
    "r": 37.055908776012295,
    "g": 37.70490114662806,
    "b": 38.03216975601958
  },
  "max_diff": {
    "r": 255,
    "g": 255,
    "b": 255
  }
}