{
  "total_pixels": 8095638,
  "diff_percentage": 3.35154893636605,
  "changed_pixels": 356761,
  "changed_percentage": 4.40682994965931,
  "mean_diff": {
    "r": 8.545962529451046,
    "g": 8.54679174142915,
    "b": 8.546595092320086
  },
  "max_diff": {
    "r": 255,
    "g": 255,
    "b": 255
  }
}