{
  "total_pixels": 314530,
  "diff_percentage": 11.238511076491555,
  "changed_pixels": 42892,
  "changed_percentage": 13.636854989985055,
  "mean_diff": {
    "r": 30.504222172765715,
    "g": 28.80422853145964,
    "b": 26.666159030935045
  },
  "max_diff": {
    "r": 255,
    "g": 255,
    "b": 255
  }
}