{
  "total_pixels": 106074,
  "diff_percentage": 1.0382454670626413,
  "changed_pixels": 4156,
  "changed_percentage": 3.91801949582367,
  "mean_diff": {
    "r": 1.7814827384655996,
    "g": 3.9178215208250844,
    "b": 2.2432735637385224
  },
  "max_diff": {
    "r": 71,
    "g": 148,
    "b": 87
  }
}