{
  "total_pixels": 2094504,
  "diff_percentage": 0.2266774676701969,
  "changed_pixels": 12930,
  "changed_percentage": 0.6173299263214584,
  "mean_diff": {
    "r": 0.578027542559002,
    "g": 0.578027542559002,
    "b": 0.578027542559002
  },
  "max_diff": {
    "r": 255,
    "g": 255,
    "b": 255
  }
}