{
  "total_pixels": 6512167,
  "diff_percentage": 1.8628118860439649,
  "changed_pixels": 174330,
  "changed_percentage": 2.6769890882712315,
  "mean_diff": {
    "r": 4.339207977928084,
    "g": 4.832389894178083,
    "b": 5.078913056130164
  },
  "max_diff": {
    "r": 176,
    "g": 196,
    "b": 206
  }
}