{
  "total_pixels": 711836,
  "diff_percentage": 1.4304644306151593,
  "changed_pixels": 21727,
  "changed_percentage": 3.052247989705494,
  "mean_diff": {
    "r": 3.6660199821307153,
    "g": 3.6561427070280232,
    "b": 3.62089020504723
  },
  "max_diff": {
    "r": 255,
    "g": 255,
    "b": 255
  }
}