{
  "original": {
    "total_pixels": 1130240,
    "diff_percentage": 0.107194423163754,
    "changed_pixels": 1867,
    "changed_percentage": 0.1651861551528879,
    "mean_diff": {
      "r": 0.27327204841449604,
      "g": 0.2734932403737259,
      "b": 0.27327204841449604
    },
    "max_diff": {
      "r": 255,
      "g": 255,
      "b": 255
    }
  },
  "processed": {
    "total_pixels": 1130240,
    "changed_pixels": 300,
    "changed_percentage": 0.026543035107587765,
    "diff_percentage": 0.010154821649309026,
    "processing_applied": {
      "threshold": 40,
      "morphology_kernel": 4,
      "blur_kernel": 0
    }
  },
  "note": "The \"processed\" statistics match the red highlighted areas in diff_highlight.png. \"original\" statistics are based on raw pixel differences without filtering."
}