{
  "total_pixels": 102144,
  "diff_percentage": 2.158353655789801,
  "changed_pixels": 4562,
  "changed_percentage": 4.46624373433584,
  "mean_diff": {
    "r": 5.42531132518797,
    "g": 5.505991541353383,
    "b": 5.580102600250626
  },
  "max_diff": {
    "r": 222,
    "g": 222,
    "b": 222
  }
}