{
  "total_pixels": 94742,
  "diff_percentage": 0.41978193823390747,
  "changed_pixels": 3878,
  "changed_percentage": 4.09322159126892,
  "mean_diff": {
    "r": 1.070443942496464,
    "g": 1.070443942496464,
    "b": 1.070443942496464
  },
  "max_diff": {
    "r": 58,
    "g": 58,
    "b": 58
  }
}