{
  "total_pixels": 314530,
  "diff_percentage": 11.524432450202179,
  "changed_pixels": 42130,
  "changed_percentage": 13.39458875147045,
  "mean_diff": {
    "r": 29.313741137570343,
    "g": 29.439919880456554,
    "b": 29.408247226019775
  },
  "max_diff": {
    "r": 255,
    "g": 255,
    "b": 255
  }
}