{
  "total_pixels": 872907,
  "diff_percentage": 0.17867321265520344,
  "changed_pixels": 3593,
  "changed_percentage": 0.41161315008357136,
  "mean_diff": {
    "r": 0.45130122682026835,
    "g": 0.4587647939585775,
    "b": 0.4567840560334606
  },
  "max_diff": {
    "r": 192,
    "g": 196,
    "b": 195
  }
}