{
  "total_pixels": 502681,
  "diff_percentage": 0.319960450495814,
  "changed_pixels": 4168,
  "changed_percentage": 0.8291540758453173,
  "mean_diff": {
    "r": 0.8158991487643257,
    "g": 0.8158991487643257,
    "b": 0.8158991487643257
  },
  "max_diff": {
    "r": 110,
    "g": 110,
    "b": 110
  }
}