{
  "total_pixels": 881790,
  "diff_percentage": 0.5620726764416438,
  "changed_pixels": 14991,
  "changed_percentage": 1.7000646412411118,
  "mean_diff": {
    "r": 1.3168271357125847,
    "g": 1.5414100863017273,
    "b": 1.4416187527642637
  },
  "max_diff": {
    "r": 166,
    "g": 166,
    "b": 166
  }
}