{
  "total_pixels": 502681,
  "diff_percentage": 0.17336219660767202,
  "changed_pixels": 3307,
  "changed_percentage": 0.6578724877208408,
  "mean_diff": {
    "r": 0.44207360134956364,
    "g": 0.44207360134956364,
    "b": 0.44207360134956364
  },
  "max_diff": {
    "r": 223,
    "g": 223,
    "b": 223
  }
}