{
  "total_pixels": 5750404,
  "diff_percentage": 0.1315438351946109,
  "changed_pixels": 14675,
  "changed_percentage": 0.2551994607683217,
  "mean_diff": {
    "r": 0.33543677974625785,
    "g": 0.33543677974625785,
    "b": 0.33543677974625785
  },
  "max_diff": {
    "r": 255,
    "g": 255,
    "b": 255
  }
}