{
  "total_pixels": 171396,
  "diff_percentage": 0.5542826557525232,
  "changed_pixels": 4864,
  "changed_percentage": 2.8378725291138647,
  "mean_diff": {
    "r": 1.8822609629162874,
    "g": 1.30793600784149,
    "b": 1.0500653457490257
  },
  "max_diff": {
    "r": 234,
    "g": 147,
    "b": 161
  }
}