{
  "total_pixels": 314530,
  "diff_percentage": 1.4982238256105334,
  "changed_pixels": 8438,
  "changed_percentage": 2.6827329666486506,
  "mean_diff": {
    "r": 4.11427208851302,
    "g": 4.11427208851302,
    "b": 3.232868088894541
  },
  "max_diff": {
    "r": 255,
    "g": 255,
    "b": 255
  }
}