{
  "total_pixels": 12420,
  "diff_percentage": 0.3146306294928063,
  "changed_pixels": 54,
  "changed_percentage": 0.43478260869565216,
  "mean_diff": {
    "r": 0.7940418679549114,
    "g": 0.8076489533011272,
    "b": 0.8052334943639291
  },
  "max_diff": {
    "r": 142,
    "g": 145,
    "b": 144
  }
}