{
  "total_pixels": 171396,
  "diff_percentage": 11.78252342890683,
  "changed_pixels": 32516,
  "changed_percentage": 18.971271208196224,
  "mean_diff": {
    "r": 29.204281313449556,
    "g": 30.574179094027865,
    "b": 30.357843823659827
  },
  "max_diff": {
    "r": 255,
    "g": 255,
    "b": 255
  }
}