{
  "total_pixels": 56169,
  "diff_percentage": 0.06502784488966945,
  "changed_pixels": 344,
  "changed_percentage": 0.6124374655058841,
  "mean_diff": {
    "r": 0.17016503765422208,
    "g": 0.16334632982606065,
    "b": 0.16395164592568856
  },
  "max_diff": {
    "r": 44,
    "g": 45,
    "b": 45
  }
}