{
  "total_pixels": 4503640,
  "diff_percentage": 0.44451314704161166,
  "changed_pixels": 62060,
  "changed_percentage": 1.3779964650815786,
  "mean_diff": {
    "r": 1.8154104235684914,
    "g": 1.0696993987086,
    "b": 0.5154157525912373
  },
  "max_diff": {
    "r": 238,
    "g": 224,
    "b": 223
  }
}