{
  "total_pixels": 977514,
  "diff_percentage": 0.9351715351123936,
  "changed_pixels": 35141,
  "changed_percentage": 3.594935724705733,
  "mean_diff": {
    "r": 2.486988421649204,
    "g": 2.4395261858142185,
    "b": 2.2275476361463875
  },
  "max_diff": {
    "r": 255,
    "g": 255,
    "b": 255
  }
}