{
  "total_pixels": 502681,
  "diff_percentage": 0.11756803158717857,
  "changed_pixels": 1423,
  "changed_percentage": 0.28308211370630676,
  "mean_diff": {
    "r": 0.29670904609483945,
    "g": 0.30194894973153946,
    "b": 0.3007374458155371
  },
  "max_diff": {
    "r": 192,
    "g": 196,
    "b": 195
  }
}