{
  "total_pixels": 70503,
  "diff_percentage": 0.5133439368778541,
  "changed_pixels": 813,
  "changed_percentage": 1.1531424194715119,
  "mean_diff": {
    "r": 1.2957462803001292,
    "g": 1.3186531069599876,
    "b": 1.3126817298554672
  },
  "max_diff": {
    "r": 160,
    "g": 163,
    "b": 163
  }
}