{
  "total_pixels": 872907,
  "diff_percentage": 0.04141387056850256,
  "changed_pixels": 2717,
  "changed_percentage": 0.3112588168040811,
  "mean_diff": {
    "r": 0.10529987730651719,
    "g": 0.10581539614185703,
    "b": 0.1057008364006704
  },
  "max_diff": {
    "r": 111,
    "g": 113,
    "b": 113
  }
}