{
  "total_pixels": 1481089,
  "diff_percentage": 1.0697045973728119,
  "changed_pixels": 26454,
  "changed_percentage": 1.7861181873607868,
  "mean_diff": {
    "r": 2.9318879554165886,
    "g": 2.7038476418365134,
    "b": 2.547504572648909
  },
  "max_diff": {
    "r": 243,
    "g": 222,
    "b": 208
  }
}