{
  "total_pixels": 2233980,
  "diff_percentage": 0.11743295634562237,
  "changed_pixels": 7468,
  "changed_percentage": 0.3342912649173224,
  "mean_diff": {
    "r": 0.2962945057699711,
    "g": 0.3017506871144773,
    "b": 0.30031692315956277
  },
  "max_diff": {
    "r": 142,
    "g": 145,
    "b": 144
  }
}