{
  "total_pixels": 10342715,
  "diff_percentage": 0.0012783839431245786,
  "changed_pixels": 984,
  "changed_percentage": 0.00951394290570706,
  "mean_diff": {
    "r": 0.003259879054967675,
    "g": 0.003259879054967675,
    "b": 0.003259879054967675
  },
  "max_diff": {
    "r": 55,
    "g": 55,
    "b": 55
  }
}