{
  "original": {
    "total_pixels": 654080,
    "diff_percentage": 0.7819670676489775,
    "changed_pixels": 10123,
    "changed_percentage": 1.5476700097847358,
    "mean_diff": {
      "r": 1.9935757093933464,
      "g": 1.9948966487279844,
      "b": 1.9935757093933464
    },
    "max_diff": {
      "r": 249,
      "g": 249,
      "b": 249
    }
  },
  "processed": {
    "total_pixels": 654080,
    "changed_pixels": 25,
    "changed_percentage": 0.003822162426614481,
    "diff_percentage": 0.0019263698630136985,
    "processing_applied": {
      "threshold": 40,
      "morphology_kernel": 4,
      "blur_kernel": 0
    }
  },
  "note": "The \"processed\" statistics match the red highlighted areas in diff_highlight.png. \"original\" statistics are based on raw pixel differences without filtering."
}