{
  "total_pixels": 10342715,
  "diff_percentage": 0.00515751861073608,
  "changed_pixels": 428,
  "changed_percentage": 0.004138178418335998,
  "mean_diff": {
    "r": 0.013151672457377004,
    "g": 0.013151672457377004,
    "b": 0.013151672457377004
  },
  "max_diff": {
    "r": 55,
    "g": 55,
    "b": 55
  }
}