{
  "original": {
    "total_pixels": 1638400,
    "diff_percentage": 1.5000023137510212,
    "changed_pixels": 32160,
    "changed_percentage": 1.9628906250000002,
    "mean_diff": {
      "r": 3.8513836669921875,
      "g": 3.6957745361328125,
      "b": 3.9278594970703127
    },
    "max_diff": {
      "r": 255,
      "g": 255,
      "b": 255
    }
  },
  "processed": {
    "total_pixels": 1638400,
    "changed_pixels": 7354,
    "changed_percentage": 0.44885253906250006,
    "diff_percentage": 0.25147322112438725,
    "processing_applied": {
      "threshold": 40,
      "morphology_kernel": 4,
      "blur_kernel": 0
    }
  },
  "note": "The \"processed\" statistics match the red highlighted areas in diff_highlight.png. \"original\" statistics are based on raw pixel differences without filtering."
}