{
  "total_pixels": 334950,
  "diff_percentage": 0.32186874052999814,
  "changed_pixels": 2596,
  "changed_percentage": 0.7750410509031198,
  "mean_diff": {
    "r": 0.8122913867741454,
    "g": 0.8268368413195999,
    "b": 0.8231676369607404
  },
  "max_diff": {
    "r": 171,
    "g": 175,
    "b": 174
  }
}