{
  "total_pixels": 1397124,
  "diff_percentage": 0.3846248632555023,
  "changed_pixels": 11050,
  "changed_percentage": 0.7909104703662666,
  "mean_diff": {
    "r": 0.9796324449368846,
    "g": 0.9815843117718971,
    "b": 0.9811634471958108
  },
  "max_diff": {
    "r": 255,
    "g": 255,
    "b": 255
  }
}