{
  "total_pixels": 4503640,
  "diff_percentage": 0.6221785567439044,
  "changed_pixels": 48047,
  "changed_percentage": 1.0668481494968514,
  "mean_diff": {
    "r": 0.36865713067651945,
    "g": 2.029409322237124,
    "b": 2.3615995061772255
  },
  "max_diff": {
    "r": 35,
    "g": 200,
    "b": 233
  }
}