{
  "total_pixels": 56169,
  "diff_percentage": 0.15721462435318623,
  "changed_pixels": 50,
  "changed_percentage": 0.08901707347469244,
  "mean_diff": {
    "r": 0.39651765208567,
    "g": 0.4043689579661379,
    "b": 0.40180526625006674
  },
  "max_diff": {
    "r": 83,
    "g": 85,
    "b": 85
  }
}