{
  "total_pixels": 4709976,
  "diff_percentage": 0.12396693893759596,
  "changed_pixels": 16720,
  "changed_percentage": 0.3549911931610692,
  "mean_diff": {
    "r": 0.3127905534975125,
    "g": 0.3184090534643913,
    "b": 0.3171474759107053
  },
  "max_diff": {
    "r": 202,
    "g": 206,
    "b": 205
  }
}