{
  "total_pixels": 56169,
  "diff_percentage": 0.040487059535666,
  "changed_pixels": 162,
  "changed_percentage": 0.2884153180580035,
  "mean_diff": {
    "r": 0.10206697644608236,
    "g": 0.10423899303886486,
    "b": 0.10342003596289769
  },
  "max_diff": {
    "r": 77,
    "g": 78,
    "b": 78
  }
}