{
  "total_pixels": 559086,
  "diff_percentage": 0.1463340762124849,
  "changed_pixels": 1786,
  "changed_percentage": 0.3194499593980175,
  "mean_diff": {
    "r": 0.3692294208762158,
    "g": 0.3759296423090544,
    "b": 0.37429661984023926
  },
  "max_diff": {
    "r": 220,
    "g": 224,
    "b": 223
  }
}