{
  "total_pixels": 4709976,
  "diff_percentage": 1.4412513387937167,
  "changed_pixels": 147583,
  "changed_percentage": 3.1334129940364877,
  "mean_diff": {
    "r": 3.727934494782988,
    "g": 3.69802224045303,
    "b": 3.5996160065359146
  },
  "max_diff": {
    "r": 255,
    "g": 255,
    "b": 255
  }
}