{
  "total_pixels": 35304116,
  "diff_percentage": 1.3812345591103092,
  "changed_pixels": 940080,
  "changed_percentage": 2.662805662659844,
  "mean_diff": {
    "r": 4.445183445465679,
    "g": 2.678957632022283,
    "b": 3.442303299705904
  },
  "max_diff": {
    "r": 220,
    "g": 224,
    "b": 223
  }
}