{
  "total_pixels": 3908402,
  "diff_percentage": 1.874802865205231,
  "changed_pixels": 54974,
  "changed_percentage": 1.4065595094875092,
  "mean_diff": {
    "r": 4.923573368348497,
    "g": 4.678560956626263,
    "b": 4.740107593845259
  },
  "max_diff": {
    "r": 255,
    "g": 255,
    "b": 255
  }
}