{
  "total_pixels": 87616,
  "diff_percentage": 0.2187963997383711,
  "changed_pixels": 418,
  "changed_percentage": 0.47708181154127105,
  "mean_diff": {
    "r": 0.28132989408327247,
    "g": 0.659297388604821,
    "b": 0.7331651753104456
  },
  "max_diff": {
    "r": 115,
    "g": 173,
    "b": 207
  }
}