{
  "total_pixels": 3139984,
  "diff_percentage": 0.3519713201486027,
  "changed_pixels": 222325,
  "changed_percentage": 7.080450091465434,
  "mean_diff": {
    "r": 0.21203420144816024,
    "g": 0.9216381357357235,
    "b": 1.558908261952927
  },
  "max_diff": {
    "r": 3,
    "g": 13,
    "b": 22
  }
}