{
  "total_pixels": 141512,
  "diff_percentage": 1.1471883305492097,
  "changed_pixels": 5396,
  "changed_percentage": 3.8131041890440387,
  "mean_diff": {
    "r": 2.9719317089716775,
    "g": 2.5540660862683024,
    "b": 3.249992933461473
  },
  "max_diff": {
    "r": 216,
    "g": 184,
    "b": 237
  }
}