{
  "total_pixels": 4272489,
  "diff_percentage": 0.11320504751713531,
  "changed_pixels": 17404,
  "changed_percentage": 0.4073503758581941,
  "mean_diff": {
    "r": 0.28565807893244427,
    "g": 0.29081806881187994,
    "b": 0.2895424657617609
  },
  "max_diff": {
    "r": 220,
    "g": 224,
    "b": 223
  }
}