{
  "total_pixels": 117838,
  "diff_percentage": 2.439265516511147,
  "changed_pixels": 5709,
  "changed_percentage": 4.844786910843701,
  "mean_diff": {
    "r": 7.777728746244844,
    "g": 3.8805393845788285,
    "b": 7.0021130704866
  },
  "max_diff": {
    "r": 249,
    "g": 121,
    "b": 236
  }
}