{
  "total_pixels": 2181529,
  "diff_percentage": 0.442702630792889,
  "changed_pixels": 29039,
  "changed_percentage": 1.3311305969345353,
  "mean_diff": {
    "r": 1.1284067275750174,
    "g": 1.129207542049636,
    "b": 1.1290608559409478
  },
  "max_diff": {
    "r": 255,
    "g": 255,
    "b": 255
  }
}