{
  "original": {
    "total_pixels": 1146880,
    "diff_percentage": 0.6469213662027311,
    "changed_pixels": 13417,
    "changed_percentage": 1.1698695591517858,
    "mean_diff": {
      "r": 1.5287405831473215,
      "g": 1.595530482700893,
      "b": 1.8246773856026786
    },
    "max_diff": {
      "r": 216,
      "g": 223,
      "b": 234
    }
  },
  "processed": {
    "total_pixels": 1146880,
    "changed_pixels": 29,
    "changed_percentage": 0.002528599330357143,
    "diff_percentage": 0.0005358100271358544,
    "processing_applied": {
      "threshold": 40,
      "morphology_kernel": 4,
      "blur_kernel": 0
    }
  },
  "note": "The \"processed\" statistics match the red highlighted areas in diff_highlight.png. \"original\" statistics are based on raw pixel differences without filtering."
}