{
  "total_pixels": 4503640,
  "diff_percentage": 0.4724416961083563,
  "changed_pixels": 139067,
  "changed_percentage": 3.0878800259345773,
  "mean_diff": {
    "r": 0.5314556669716052,
    "g": 1.890169951417076,
    "b": 1.1925533568402449
  },
  "max_diff": {
    "r": 255,
    "g": 255,
    "b": 255
  }
}