{
  "total_pixels": 4503640,
  "diff_percentage": 0.4724416961083563,
  "changed_pixels": 85363,
  "changed_percentage": 1.8954223694611467,
  "mean_diff": {
    "r": 0.5314556669716052,
    "g": 1.890169951417076,
    "b": 1.1925533568402449
  },
  "max_diff": {
    "r": 255,
    "g": 255,
    "b": 255
  }
}