{
  "total_pixels": 8916704,
  "diff_percentage": 1.6200421523322164,
  "changed_pixels": 633748,
  "changed_percentage": 7.107424447419136,
  "mean_diff": {
    "r": 3.839624484562906,
    "g": 4.046672066270228,
    "b": 4.50702591450832
  },
  "max_diff": {
    "r": 230,
    "g": 251,
    "b": 255
  }
}