{
  "total_pixels": 4503640,
  "diff_percentage": 0.12584568485285655,
  "changed_pixels": 33429,
  "changed_percentage": 0.7422662557398015,
  "mean_diff": {
    "r": 0.31266086987414626,
    "g": 0.32124259487880913,
    "b": 0.32881602437139734
  },
  "max_diff": {
    "r": 220,
    "g": 224,
    "b": 223
  }
}